ID,Transaction,Date
Tx hash: 0d4d060e13743ee603765f798adaf8e72f9ed962d61db2ca1ba2844d2a4d9121,"GAJJ2NF6PUJURM724AMRETCLX5NOHDWUVBEMBZNSVGI3TMPJIF6OHSJL invoked contract CCLQR3746SFXSBZT7MX7D7C2BEJ5TFGC5VBSFVJBF75B5MHDK7AH54IO approve_milestone(GAJJ2NF6PUJURM724AMRETCLX5NOHDWUVBEMBZNSVGI3TMPJIF6OHSJL, 1u32)",2026-09-03 05:31:27 UTC
Tx hash: 14b4bb5ba66fe5866a94be79d2f5ac3b7fa3dc645b8e97dd1ae4dc7ff5477467,"GBTSBCRE2TLQAX67XWG5HIYX7H2BGRHKDS3XL3PSCCNRU6U3ESMZ6QD7 invoked contract CCLQR3746SFXSBZT7MX7D7C2BEJ5TFGC5VBSFVJBF75B5MHDK7AH54IO approve_milestone(GBTSBCRE2TLQAX67XWG5HIYX7H2BGRHKDS3XL3PSCCNRU6U3ESMZ6QD7, 1u32)",2026-09-03 05:31:02 UTC
Tx hash: f4729524ff1393a8271cb8be971a0c4bd7730b4283a28f0276fab8edc716059d,GCORVPTJBKWXCDLABVODM3VB5UJDG2QS2BHHGRSBFPBPM2DQS537IQG5 invoked contract CCLQR3746SFXSBZT7MX7D7C2BEJ5TFGC5VBSFVJBF75B5MHDK7AH54IO submit_work(1u32),2026-09-03 05:30:27 UTC
Tx hash: b5c26497c7cd41bb136d87443b7ea4d31a7939e25a666f8301c28ff1ba0793d6,"GBJEJTVVWKQSDG4O2CP7XY3E2TAKJA3CO2AAVT6UT4OWS6U7GJNXY37L invoked contract CCLQR3746SFXSBZT7MX7D7C2BEJ5TFGC5VBSFVJBF75B5MHDK7AH54IO create_escrow(GBJEJTVVWKQSDG4O2CP7XY3E2TAKJA3CO2AAVT6UT4OWS6U7GJNXY37L, GCORVPTJBKWXCDLABVODM3VB5UJDG2QS2BHHGRSBFPBPM2DQS537IQG5, GBTSBCRE2TLQAX67XWG5HIYX7H2BGRHKDS3XL3PSCCNRU6U3ESMZ6QD7, GAJJ2NF6PUJURM724AMRETCLX5NOHDWUVBEMBZNSVGI3TMPJIF6OHSJL, CDLZFC3SYJYDZT7K67VZ75HPJVIEUVNIXF47ZG2FB2RMQQVU2HHGCYSC, 99900000000i128, 1789018196u64, [{""amount""sym: 99900000000i128, ""auto_released_amount""sym: 0i128, ""denial_reason""sym: """"str, ""description""sym: ""Initial Project Deliverable""str, ""id""sym: 1u32, ""is_completed""sym: falsebool, ""is_denied""sym: falsebool, ""is_submitted""sym: falsebool, ""submitted_at""sym: 0u64, ""votes""sym: []}])",2026-09-03 05:30:07 UTC
Tx hash: a19a538a320f08d70cf4b0baa9ddc75f8eb46c711738e0b6c9733c672614ec99,"GAJLXAHAA3UE4AL3P4VNZJZCSJU5SYOLN3QRBAOD6ILZJV4XBOHEJD3D invoked contract CCLQR3746SFXSBZT7MX7D7C2BEJ5TFGC5VBSFVJBF75B5MHDK7AH54IO deny_milestone(GAJLXAHAA3UE4AL3P4VNZJZCSJU5SYOLN3QRBAOD6ILZJV4XBOHEJD3D, 1u32, ""69""str)",2026-09-03 05:28:57 UTC
Tx hash: 4a7832d0a3a89cd10aabfadde45a495cb2a56741ba2fa44c25366a73eeef674a,"GA7JBHXC6B4KGB7K2LQAMGXJYRAM5PWKY7UD3X7NLJ7KCFJZBJ6QL45E invoked contract CCLQR3746SFXSBZT7MX7D7C2BEJ5TFGC5VBSFVJBF75B5MHDK7AH54IO approve_milestone(GA7JBHXC6B4KGB7K2LQAMGXJYRAM5PWKY7UD3X7NLJ7KCFJZBJ6QL45E, 1u32)",2026-09-03 05:28:22 UTC
Tx hash: e63728a1a5b01588d4e8693290b3cf2f65d9754dfa11364a1c70acbc521f6252,GCCC2TBXIAE6OMNSK5IQ7TG6OXE7WAYIXKROSD63TUBIJVHVCV32DZWZ invoked contract CCLQR3746SFXSBZT7MX7D7C2BEJ5TFGC5VBSFVJBF75B5MHDK7AH54IO submit_work(1u32),2026-09-03 05:28:02 UTC
Tx hash: db582550831ac52f00452ac11885b6ff72b068c82a50007a5f6470408d1d2cac,"GD3LFGNAFUINGXULFTLGEC432PV6NL2UU4TBABHFWD5QAG2OKYHISYBI invoked contract CCLQR3746SFXSBZT7MX7D7C2BEJ5TFGC5VBSFVJBF75B5MHDK7AH54IO create_escrow(GD3LFGNAFUINGXULFTLGEC432PV6NL2UU4TBABHFWD5QAG2OKYHISYBI, GCCC2TBXIAE6OMNSK5IQ7TG6OXE7WAYIXKROSD63TUBIJVHVCV32DZWZ, GA7JBHXC6B4KGB7K2LQAMGXJYRAM5PWKY7UD3X7NLJ7KCFJZBJ6QL45E, GAJLXAHAA3UE4AL3P4VNZJZCSJU5SYOLN3QRBAOD6ILZJV4XBOHEJD3D, CDLZFC3SYJYDZT7K67VZ75HPJVIEUVNIXF47ZG2FB2RMQQVU2HHGCYSC, 80000000000i128, 1789018039u64, [{""amount""sym: 80000000000i128, ""auto_released_amount""sym: 0i128, ""denial_reason""sym: """"str, ""description""sym: ""Initial Project Deliverable""str, ""id""sym: 1u32, ""is_completed""sym: falsebool, ""is_denied""sym: falsebool, ""is_submitted""sym: falsebool, ""submitted_at""sym: 0u64, ""votes""sym: []}])",2026-09-03 05:27:32 UTC
Tx hash: 65464b22754ad8f07fdd11f4c1029166001021fffc7fab51c61fdce1311e9ec4,"GDH5O5OWE2PMM63HVZIJDTJY4XFF22UVKMYCFGZ6PWU7V2PUQTTKY2XV invoked contract CCLQR3746SFXSBZT7MX7D7C2BEJ5TFGC5VBSFVJBF75B5MHDK7AH54IO approve_milestone(GDH5O5OWE2PMM63HVZIJDTJY4XFF22UVKMYCFGZ6PWU7V2PUQTTKY2XV, 1u32)",2026-09-03 05:25:57 UTC
Tx hash: 823ae6095af9a2e1289939a9198c153542a4235d3ca107020f9a044d6f420489,"GDNJ2W6XVF52PGGYFBWS5KSCDRLY663AGGTAK3AHLOLHUNC7FBD3WZ2J invoked contract CCLQR3746SFXSBZT7MX7D7C2BEJ5TFGC5VBSFVJBF75B5MHDK7AH54IO approve_milestone(GDNJ2W6XVF52PGGYFBWS5KSCDRLY663AGGTAK3AHLOLHUNC7FBD3WZ2J, 1u32)",2026-09-03 05:25:22 UTC
Tx hash: 01ecd95636c574af55417d584578bd331e35451c0238a36da6ec0b698c91cf95,GCKV7TVZ2E2HWZRRKSXUISOOL4NGUX3FL76DHE53CUNKJ563V63HAVDE invoked contract CCLQR3746SFXSBZT7MX7D7C2BEJ5TFGC5VBSFVJBF75B5MHDK7AH54IO submit_work(1u32),2026-09-03 05:24:52 UTC
Tx hash: a6f19c8aa68bb7a8a45e6161777c5d496f5c58f045c2d2c0d741ddfef71b9fae,"GCW5GNKORCNYESFYTD7H5MD2PPNWT72E52Q4GXL6ELUWNBXV62SOYGFQ invoked contract CCLQR3746SFXSBZT7MX7D7C2BEJ5TFGC5VBSFVJBF75B5MHDK7AH54IO create_escrow(GCW5GNKORCNYESFYTD7H5MD2PPNWT72E52Q4GXL6ELUWNBXV62SOYGFQ, GCKV7TVZ2E2HWZRRKSXUISOOL4NGUX3FL76DHE53CUNKJ563V63HAVDE, GDNJ2W6XVF52PGGYFBWS5KSCDRLY663AGGTAK3AHLOLHUNC7FBD3WZ2J, GDH5O5OWE2PMM63HVZIJDTJY4XFF22UVKMYCFGZ6PWU7V2PUQTTKY2XV, CDLZFC3SYJYDZT7K67VZ75HPJVIEUVNIXF47ZG2FB2RMQQVU2HHGCYSC, 60000000000i128, 1789017856u64, [{""amount""sym: 60000000000i128, ""auto_released_amount""sym: 0i128, ""denial_reason""sym: """"str, ""description""sym: ""Initial Project Deliverable""str, ""id""sym: 1u32, ""is_completed""sym: falsebool, ""is_denied""sym: falsebool, ""is_submitted""sym: falsebool, ""submitted_at""sym: 0u64, ""votes""sym: []}])",2026-09-03 05:24:27 UTC
Tx hash: ae366634139a06473aaab012d6110623d2cd5ff046688102abfd25122d7436c7,"GAR4PLXMGVD64WVCBZKJOY3LXAW33U6BVBSHO2IUAG2ESSILVE6ERTQF invoked contract CCLQR3746SFXSBZT7MX7D7C2BEJ5TFGC5VBSFVJBF75B5MHDK7AH54IO approve_milestone(GAR4PLXMGVD64WVCBZKJOY3LXAW33U6BVBSHO2IUAG2ESSILVE6ERTQF, 1u32)",2026-09-03 05:10:52 UTC
Tx hash: 2980581c7d765652ff1a2b68dbb2f8f75fbcc76b9661b34e6bb6a7900e177a39,"GBZI3N5AAYSAOJ6HGQUOWZ72X54HYHOLNOL3P3LLN5WO62IWGQNLGX5E invoked contract CCLQR3746SFXSBZT7MX7D7C2BEJ5TFGC5VBSFVJBF75B5MHDK7AH54IO approve_milestone(GBZI3N5AAYSAOJ6HGQUOWZ72X54HYHOLNOL3P3LLN5WO62IWGQNLGX5E, 1u32)",2026-09-03 05:09:52 UTC
Tx hash: 2b2e7f2180a2672df5f4420c07b307c8177da277320a14578c66efadf55792ea,GAKJHZGFEUR4WR2HKBVALVLXLNQIAVGVMF36F7OUFC7Z67XLUTS6XUCQ invoked contract CCLQR3746SFXSBZT7MX7D7C2BEJ5TFGC5VBSFVJBF75B5MHDK7AH54IO submit_work(1u32),2026-09-03 05:08:57 UTC
Tx hash: 5727ff99f068f1c9adf96ab8edeb85575308ba3c26b2f128b1ceb15519471298,"GDKNAVZSYYDANTG5CU7BHVYVB33X6OLHGLT2VIVU5FPNZW2XUFCGLOYD invoked contract CCLQR3746SFXSBZT7MX7D7C2BEJ5TFGC5VBSFVJBF75B5MHDK7AH54IO create_escrow(GDKNAVZSYYDANTG5CU7BHVYVB33X6OLHGLT2VIVU5FPNZW2XUFCGLOYD, GAKJHZGFEUR4WR2HKBVALVLXLNQIAVGVMF36F7OUFC7Z67XLUTS6XUCQ, GBZI3N5AAYSAOJ6HGQUOWZ72X54HYHOLNOL3P3LLN5WO62IWGQNLGX5E, GAR4PLXMGVD64WVCBZKJOY3LXAW33U6BVBSHO2IUAG2ESSILVE6ERTQF, CDLZFC3SYJYDZT7K67VZ75HPJVIEUVNIXF47ZG2FB2RMQQVU2HHGCYSC, 78000000000i128, 1789016881u64, [{""amount""sym: 78000000000i128, ""auto_released_amount""sym: 0i128, ""denial_reason""sym: """"str, ""description""sym: ""Initial Project Deliverable""str, ""id""sym: 1u32, ""is_completed""sym: falsebool, ""is_denied""sym: falsebool, ""is_submitted""sym: falsebool, ""submitted_at""sym: 0u64, ""votes""sym: []}])",2026-09-03 05:08:12 UTC
Tx hash: 02396bfba8679e8a0a840b72bb2cda2b451227cf72e6809c6d514eb8da9aa96f,"GDLPZSZFRT5BWHYMS7XNF2FLWDJQHP6Y74XLRB4YS2PF2FHZTZ52N4WT invoked contract CCLQR3746SFXSBZT7MX7D7C2BEJ5TFGC5VBSFVJBF75B5MHDK7AH54IO deny_milestone(GDLPZSZFRT5BWHYMS7XNF2FLWDJQHP6Y74XLRB4YS2PF2FHZTZ52N4WT, 1u32, ""bug""str)",2026-09-03 05:05:32 UTC
Tx hash: b349317ceb63d2c88f6cd85a96faf8d9d93f76c59da124bff374ee3678c1be3a,"GBTOQVR4J6EHXFM3GB2ELJQINYRDPYA4QIMD6SJIDBLFFS4NBRQHYX7O invoked contract CCLQR3746SFXSBZT7MX7D7C2BEJ5TFGC5VBSFVJBF75B5MHDK7AH54IO approve_milestone(GBTOQVR4J6EHXFM3GB2ELJQINYRDPYA4QIMD6SJIDBLFFS4NBRQHYX7O, 1u32)",2026-09-03 05:04:52 UTC
Tx hash: 8aae9f9db841689d109b0d3943d0e458a2d9e26bfc243af2e29270dc99048263,GA52P76O7AKK43TO7WT4N6U3X7GILOEBZQJBBNYTW3VWCQHYZVSS66EL invoked contract CCLQR3746SFXSBZT7MX7D7C2BEJ5TFGC5VBSFVJBF75B5MHDK7AH54IO submit_work(1u32),2026-09-03 05:04:12 UTC
Tx hash: 3f45aba482d30e69e5037fbbfd6de3b0d4e61969bf519abfa7d3a53638e329d9,"GCBOGTJCPRDHGETB7JULQWDWY26JEPI27RK6QCZL7RC4TW4UNYLEBQXG invoked contract CCLQR3746SFXSBZT7MX7D7C2BEJ5TFGC5VBSFVJBF75B5MHDK7AH54IO create_escrow(GCBOGTJCPRDHGETB7JULQWDWY26JEPI27RK6QCZL7RC4TW4UNYLEBQXG, GA52P76O7AKK43TO7WT4N6U3X7GILOEBZQJBBNYTW3VWCQHYZVSS66EL, GBTOQVR4J6EHXFM3GB2ELJQINYRDPYA4QIMD6SJIDBLFFS4NBRQHYX7O, GDLPZSZFRT5BWHYMS7XNF2FLWDJQHP6Y74XLRB4YS2PF2FHZTZ52N4WT, CDLZFC3SYJYDZT7K67VZ75HPJVIEUVNIXF47ZG2FB2RMQQVU2HHGCYSC, 60000000000i128, 1789016593u64, [{""amount""sym: 60000000000i128, ""auto_released_amount""sym: 0i128, ""denial_reason""sym: """"str, ""description""sym: ""Initial Project Deliverable""str, ""id""sym: 1u32, ""is_completed""sym: falsebool, ""is_denied""sym: falsebool, ""is_submitted""sym: falsebool, ""submitted_at""sym: 0u64, ""votes""sym: []}])",2026-09-03 05:03:32 UTC
Tx hash: a42d6f1e2dab5cdadc6bcb5d1dd354742f7e1c717f1325014d1b89e66db23093,"GAC5ERORERAB2CGLFEILG5IPHQ5R33ZYBQTBFRPTGY7ZA2I63HCB7LFI invoked contract CCLQR3746SFXSBZT7MX7D7C2BEJ5TFGC5VBSFVJBF75B5MHDK7AH54IO approve_milestone(GAC5ERORERAB2CGLFEILG5IPHQ5R33ZYBQTBFRPTGY7ZA2I63HCB7LFI, 1u32)",2026-09-03 05:00:47 UTC
Tx hash: 623196d3a7b39a4ab211085f4d549ffb340b696c70599c1ba5526377a5b1fedf,"GDD3QRK6LUARWHUFJNT5P3TSWEWH6JLFK463SVWSLMABXMGZGXNEHWYU invoked contract CCLQR3746SFXSBZT7MX7D7C2BEJ5TFGC5VBSFVJBF75B5MHDK7AH54IO approve_milestone(GDD3QRK6LUARWHUFJNT5P3TSWEWH6JLFK463SVWSLMABXMGZGXNEHWYU, 1u32)",2026-09-03 05:00:12 UTC
Tx hash: 776069d93fc6a8c423c21a5fb13d0a3bf92ceff418681ae5d9eb524aca056dbf,GDLCTLWAJL25OR2FTMIB52ZRCSA4UVZOQYJNYXZNX7ABHEY2PPROU47V invoked contract CCLQR3746SFXSBZT7MX7D7C2BEJ5TFGC5VBSFVJBF75B5MHDK7AH54IO submit_work(1u32),2026-09-03 04:59:37 UTC
Tx hash: 363a00f3cdba33e30b0c6994541b9012fd83c2f5e50147b3bde1b40364dbcd1b,"GAPNNZIBG2SI2EN2IVYCJK4J6H5FUJHILVAXSNF2XN34UN7RKKNAVBIU invoked contract CCLQR3746SFXSBZT7MX7D7C2BEJ5TFGC5VBSFVJBF75B5MHDK7AH54IO create_escrow(GAPNNZIBG2SI2EN2IVYCJK4J6H5FUJHILVAXSNF2XN34UN7RKKNAVBIU, GDLCTLWAJL25OR2FTMIB52ZRCSA4UVZOQYJNYXZNX7ABHEY2PPROU47V, GDD3QRK6LUARWHUFJNT5P3TSWEWH6JLFK463SVWSLMABXMGZGXNEHWYU, GAC5ERORERAB2CGLFEILG5IPHQ5R33ZYBQTBFRPTGY7ZA2I63HCB7LFI, CDLZFC3SYJYDZT7K67VZ75HPJVIEUVNIXF47ZG2FB2RMQQVU2HHGCYSC, 50500000000i128, 1789016319u64, [{""amount""sym: 50500000000i128, ""auto_released_amount""sym: 0i128, ""denial_reason""sym: """"str, ""description""sym: ""Initial Project Deliverable""str, ""id""sym: 1u32, ""is_completed""sym: falsebool, ""is_denied""sym: falsebool, ""is_submitted""sym: falsebool, ""submitted_at""sym: 0u64, ""votes""sym: []}])",2026-09-03 04:58:52 UTC
Tx hash: eeb0442d64d877ea7743df6249dac110375b73f6d06246eebd96109f41431e67,"GCQ3IPQMWIOGRVO67LMC6O55SPHS5MTM6DNWATF4HJAVPPVOCKMTJRRE invoked contract CCLQR3746SFXSBZT7MX7D7C2BEJ5TFGC5VBSFVJBF75B5MHDK7AH54IO approve_milestone(GCQ3IPQMWIOGRVO67LMC6O55SPHS5MTM6DNWATF4HJAVPPVOCKMTJRRE, 1u32)",2026-09-02 18:46:47 UTC
Tx hash: 25f0e010ec6a63a061d89b58b54be4a91048be543872054171973fe9d486a944,"GDBOL7TW22H4NN7GJ4DOWHDFJSOQ7QU66NF5R6NW3W367QAIJKN7LMKN invoked contract CCLQR3746SFXSBZT7MX7D7C2BEJ5TFGC5VBSFVJBF75B5MHDK7AH54IO approve_milestone(GDBOL7TW22H4NN7GJ4DOWHDFJSOQ7QU66NF5R6NW3W367QAIJKN7LMKN, 1u32)",2026-09-02 18:44:57 UTC
Tx hash: f06d9a84368b0e157e9343e4f32fc235d289a87b20312c800fa63bf73fac345f,GCJACVK4VQJAZHOBDYBCNIDBGLB74XM2SU5H3IJM7YYL44HZESX7BIT4 invoked contract CCLQR3746SFXSBZT7MX7D7C2BEJ5TFGC5VBSFVJBF75B5MHDK7AH54IO submit_work(1u32),2026-09-02 18:43:57 UTC
Tx hash: c251d6b06f4835001ca0dd4a714c4ec100b902fba7dba6edeba65afae937d41e,"GBG5TKDU74WDUMWVQB4CLJXB5ZXWW6MTWOO35NTMSWAD24B7V2BF6NHS invoked contract CCLQR3746SFXSBZT7MX7D7C2BEJ5TFGC5VBSFVJBF75B5MHDK7AH54IO create_escrow(GBG5TKDU74WDUMWVQB4CLJXB5ZXWW6MTWOO35NTMSWAD24B7V2BF6NHS, GCJACVK4VQJAZHOBDYBCNIDBGLB74XM2SU5H3IJM7YYL44HZESX7BIT4, GDBOL7TW22H4NN7GJ4DOWHDFJSOQ7QU66NF5R6NW3W367QAIJKN7LMKN, GCQ3IPQMWIOGRVO67LMC6O55SPHS5MTM6DNWATF4HJAVPPVOCKMTJRRE, CDLZFC3SYJYDZT7K67VZ75HPJVIEUVNIXF47ZG2FB2RMQQVU2HHGCYSC, 59990000000i128, 1788979202u64, [{""amount""sym: 59990000000i128, ""auto_released_amount""sym: 0i128, ""denial_reason""sym: """"str, ""description""sym: ""Initial Project Deliverable""str, ""id""sym: 1u32, ""is_completed""sym: falsebool, ""is_denied""sym: falsebool, ""is_submitted""sym: falsebool, ""submitted_at""sym: 0u64, ""votes""sym: []}])",2026-09-02 18:40:12 UTC
Tx hash: 7fb6b9ce64dff3f464ae2d701e165ce08ad87f8ab512059b5a52b7b0280bdef5,"GBSMR5TRLSEI65O3DKF3IXBOIGBIGO2Y7XZQ5MUBMF75UEGS6MR7YJAT invoked contract CCLQR3746SFXSBZT7MX7D7C2BEJ5TFGC5VBSFVJBF75B5MHDK7AH54IO deny_milestone(GBSMR5TRLSEI65O3DKF3IXBOIGBIGO2Y7XZQ5MUBMF75UEGS6MR7YJAT, 1u32, ""242""str)",2026-09-02 18:29:57 UTC
Tx hash: cc3a131713e1d35b7954ea56a5be0717097f6076794f1f590d17fdefa28f4c43,GAATWHRKMP34IPURBZ7VWEV6A5AWROFW56Z2JOP5I3PAGBJQZYMGH2IB invoked contract CCLQR3746SFXSBZT7MX7D7C2BEJ5TFGC5VBSFVJBF75B5MHDK7AH54IO submit_work(1u32),2026-09-02 18:29:17 UTC
Tx hash: 56f084e4c70536e9433812d2b250761ecad643265dc8715b08f394dcf738d493,"GCJLL44ENLXBYWIDPYLXYCNCHTOMNVZ4QZAYAZQOH7BW35LKLPN3BIZO invoked contract CCLQR3746SFXSBZT7MX7D7C2BEJ5TFGC5VBSFVJBF75B5MHDK7AH54IO deny_milestone(GCJLL44ENLXBYWIDPYLXYCNCHTOMNVZ4QZAYAZQOH7BW35LKLPN3BIZO, 1u32, ""242""str)",2026-09-02 18:22:37 UTC
Tx hash: 63b169fe77e6b56587c6bec6bbb0cdf4ae70fac57eb5511e6c626c1025f53230,GAATWHRKMP34IPURBZ7VWEV6A5AWROFW56Z2JOP5I3PAGBJQZYMGH2IB invoked contract CCLQR3746SFXSBZT7MX7D7C2BEJ5TFGC5VBSFVJBF75B5MHDK7AH54IO submit_work(1u32),2026-09-02 18:21:37 UTC
Tx hash: 4605f3435d70896f1347ccb6e6d1705762b381968535b9dc9006d727ccfba917,"GDDFPSGYFHBQTMTBFN75BOVLVOYPRLX6PBJ3PQR2BEL5SXFMWXIQGIAQ invoked contract CCLQR3746SFXSBZT7MX7D7C2BEJ5TFGC5VBSFVJBF75B5MHDK7AH54IO create_escrow(GDDFPSGYFHBQTMTBFN75BOVLVOYPRLX6PBJ3PQR2BEL5SXFMWXIQGIAQ, GAATWHRKMP34IPURBZ7VWEV6A5AWROFW56Z2JOP5I3PAGBJQZYMGH2IB, GCJLL44ENLXBYWIDPYLXYCNCHTOMNVZ4QZAYAZQOH7BW35LKLPN3BIZO, GBSMR5TRLSEI65O3DKF3IXBOIGBIGO2Y7XZQ5MUBMF75UEGS6MR7YJAT, CDLZFC3SYJYDZT7K67VZ75HPJVIEUVNIXF47ZG2FB2RMQQVU2HHGCYSC, 69490000000i128, 1788977854u64, [{""amount""sym: 69490000000i128, ""auto_released_amount""sym: 0i128, ""denial_reason""sym: """"str, ""description""sym: ""Initial Project Deliverable""str, ""id""sym: 1u32, ""is_completed""sym: falsebool, ""is_denied""sym: falsebool, ""is_submitted""sym: falsebool, ""submitted_at""sym: 0u64, ""votes""sym: []}])",2026-09-02 18:17:47 UTC
Tx hash: 78b28ecd0bcd994c800ecfee6b7cda14557c8929d049fcfc50801208e5253b38,"GCE3IXV3RLSHPNQUFCB6PTQ5AH7C724HNWX22JO3JGTTFW4HR25D4PYC invoked contract CCLQR3746SFXSBZT7MX7D7C2BEJ5TFGC5VBSFVJBF75B5MHDK7AH54IO approve_milestone(GCE3IXV3RLSHPNQUFCB6PTQ5AH7C724HNWX22JO3JGTTFW4HR25D4PYC, 1u32)",2026-09-02 18:12:02 UTC
Tx hash: 2cba212521450a21c537a90d389cd6481cbac78102b7c022a2b09093a6961a8d,"GDGI37R7YPWXIB43QWJP5JCGS6HBAZV2OEHQNN7EJTNJBIWZOTQDO2EN invoked contract CCLQR3746SFXSBZT7MX7D7C2BEJ5TFGC5VBSFVJBF75B5MHDK7AH54IO deny_milestone(GDGI37R7YPWXIB43QWJP5JCGS6HBAZV2OEHQNN7EJTNJBIWZOTQDO2EN, 1u32, ""bug""str)",2026-09-02 18:10:47 UTC
Tx hash: 0f6d505c5504c39b7ac5751d51440e0ffa721b36491b171b6ee176b5fbc38fbe,GCKLL3UWW6VZBQ4D46NYVN4DJFWRGT2OJ4IEU2MPH6RB4SVQGNC34DC6 invoked contract CCLQR3746SFXSBZT7MX7D7C2BEJ5TFGC5VBSFVJBF75B5MHDK7AH54IO submit_work(1u32),2026-09-02 18:09:42 UTC
Tx hash: da148962e353b92da5ac94038c5599b68471c27cf016d3557423a443313a7422,"GAU2XLCZBSZN3UCYQZ5EXJ57OVPKI72OB4QO3NYD6GSLPWCSNKPGYITZ invoked contract CCLQR3746SFXSBZT7MX7D7C2BEJ5TFGC5VBSFVJBF75B5MHDK7AH54IO create_escrow(GAU2XLCZBSZN3UCYQZ5EXJ57OVPKI72OB4QO3NYD6GSLPWCSNKPGYITZ, GCKLL3UWW6VZBQ4D46NYVN4DJFWRGT2OJ4IEU2MPH6RB4SVQGNC34DC6, GDGI37R7YPWXIB43QWJP5JCGS6HBAZV2OEHQNN7EJTNJBIWZOTQDO2EN, GCE3IXV3RLSHPNQUFCB6PTQ5AH7C724HNWX22JO3JGTTFW4HR25D4PYC, CDLZFC3SYJYDZT7K67VZ75HPJVIEUVNIXF47ZG2FB2RMQQVU2HHGCYSC, 66000000000i128, 1788977256u64, [{""amount""sym: 66000000000i128, ""auto_released_amount""sym: 0i128, ""denial_reason""sym: """"str, ""description""sym: ""Initial Project Deliverable""str, ""id""sym: 1u32, ""is_completed""sym: falsebool, ""is_denied""sym: falsebool, ""is_submitted""sym: falsebool, ""submitted_at""sym: 0u64, ""votes""sym: []}])",2026-09-02 18:07:47 UTC
Tx hash: 41c13033d2858b2cf0f435a41de6342154c11d10898cf3b353cefc6698a27e31,"GB57J24E2DTUQKXQ5K3FPHUNIGM6XK2EUD3O4OXQEUBI443YHLZFBHKX invoked contract CCLQR3746SFXSBZT7MX7D7C2BEJ5TFGC5VBSFVJBF75B5MHDK7AH54IO create_escrow(GB57J24E2DTUQKXQ5K3FPHUNIGM6XK2EUD3O4OXQEUBI443YHLZFBHKX, GCB4WSXC5BN3PKNZUERIPRONZWGTJY75DN6XTGVCVLDSME55JFXLBBU2, (), (), CDLZFC3SYJYDZT7K67VZ75HPJVIEUVNIXF47ZG2FB2RMQQVU2HHGCYSC, 2090000000i128, 1788965835u64, [{""amount""sym: 2090000000i128, ""auto_released_amount""sym: 0i128, ""denial_reason""sym: """"str, ""description""sym: ""Initial Project Deliverable""str, ""id""sym: 1u32, ""is_completed""sym: falsebool, ""is_denied""sym: falsebool, ""is_submitted""sym: falsebool, ""submitted_at""sym: 0u64, ""votes""sym: []}])",2026-09-02 14:57:22 UTC
Tx hash: f756ee4bc19b9ee3b997289c274e21aa08d13692fd8106b06f3cc5e58197b83b,"GDHNSSKREZY6F5TU5TOJ7OITM3O3FCGOZTLLNLJ4GHMO4LVUIGDHH3SH invoked contract CCLQR3746SFXSBZT7MX7D7C2BEJ5TFGC5VBSFVJBF75B5MHDK7AH54IO approve_milestone(GDHNSSKREZY6F5TU5TOJ7OITM3O3FCGOZTLLNLJ4GHMO4LVUIGDHH3SH, 1u32)",2026-09-02 14:54:57 UTC
Tx hash: b223cf2fc4a2aefb4c6ca7bac2abdc9aa2ff4553fa8e85bb43cb7cdd1bb8c61d,"GCSUSPXD7EHH7QEE4DNDJAKGZDK4MO5KEDAOJAUESGWUDOFXW5Z23SFS invoked contract CCLQR3746SFXSBZT7MX7D7C2BEJ5TFGC5VBSFVJBF75B5MHDK7AH54IO approve_milestone(GCSUSPXD7EHH7QEE4DNDJAKGZDK4MO5KEDAOJAUESGWUDOFXW5Z23SFS, 1u32)",2026-09-02 14:54:02 UTC
Tx hash: dee1709922727783bc2b6c379c15bbdd51abb7ec7b67d8c5d5f7a52826711b60,GAFIRTVSITWVSASO4X2AYVMHFPQS4I5R3KR4INBHPQN2UP73A4F6K3HG invoked contract CCLQR3746SFXSBZT7MX7D7C2BEJ5TFGC5VBSFVJBF75B5MHDK7AH54IO submit_work(1u32),2026-09-02 14:53:22 UTC
Tx hash: e5a148c8e0088bc7795bc512df3dd9f31dc96bafe2e2abeb2696173b545c223b,"GC4UNVIGFWH4ZETREKID7DHS2JIKBICHL2P4DHATLXEWJG4RSN4XJJ6J invoked contract CCLQR3746SFXSBZT7MX7D7C2BEJ5TFGC5VBSFVJBF75B5MHDK7AH54IO create_escrow(GC4UNVIGFWH4ZETREKID7DHS2JIKBICHL2P4DHATLXEWJG4RSN4XJJ6J, GAFIRTVSITWVSASO4X2AYVMHFPQS4I5R3KR4INBHPQN2UP73A4F6K3HG, GCSUSPXD7EHH7QEE4DNDJAKGZDK4MO5KEDAOJAUESGWUDOFXW5Z23SFS, GDHNSSKREZY6F5TU5TOJ7OITM3O3FCGOZTLLNLJ4GHMO4LVUIGDHH3SH, CDLZFC3SYJYDZT7K67VZ75HPJVIEUVNIXF47ZG2FB2RMQQVU2HHGCYSC, 70000000000i128, 1788965495u64, [{""amount""sym: 70000000000i128, ""auto_released_amount""sym: 0i128, ""denial_reason""sym: """"str, ""description""sym: ""Initial Project Deliverable""str, ""id""sym: 1u32, ""is_completed""sym: falsebool, ""is_denied""sym: falsebool, ""is_submitted""sym: falsebool, ""submitted_at""sym: 0u64, ""votes""sym: []}])",2026-09-02 14:51:47 UTC
Tx hash: 60a58a455e7c702dd67ad379f5583b56212408a55a66100facf7d12723201f98,"GBFRGIDTW4VNQAGARV5WJ2VWAVJA47ENFROZOMTFARXATANYCALA2VJG invoked contract CCLQR3746SFXSBZT7MX7D7C2BEJ5TFGC5VBSFVJBF75B5MHDK7AH54IO approve_milestone(GBFRGIDTW4VNQAGARV5WJ2VWAVJA47ENFROZOMTFARXATANYCALA2VJG, 1u32)",2026-09-02 14:42:17 UTC
Tx hash: cfa45f4ff6f38faa71223a8a5ef57ce4ed6b9be33a65b73c3f8f70a7dcbe8b4d,GD4GA7A4DHAJZFPXFSJ4AUXDW2G6VXHQZFT4APGFS45TEJUAKDN3PIPC invoked contract CCLQR3746SFXSBZT7MX7D7C2BEJ5TFGC5VBSFVJBF75B5MHDK7AH54IO submit_work(1u32),2026-09-02 14:39:17 UTC
Tx hash: 409b3e11c98aa7a006aaafabf4194116f9c65ba2ba9c44f19ba0acce1875795f,"GCJJNUKN3GWIYS25VGSIYJWMHNJJT7HHQP26M42OTC5F5XZG5THVXCNY invoked contract CCLQR3746SFXSBZT7MX7D7C2BEJ5TFGC5VBSFVJBF75B5MHDK7AH54IO create_escrow(GCJJNUKN3GWIYS25VGSIYJWMHNJJT7HHQP26M42OTC5F5XZG5THVXCNY, GD4GA7A4DHAJZFPXFSJ4AUXDW2G6VXHQZFT4APGFS45TEJUAKDN3PIPC, GBFRGIDTW4VNQAGARV5WJ2VWAVJA47ENFROZOMTFARXATANYCALA2VJG, GBFRGIDTW4VNQAGARV5WJ2VWAVJA47ENFROZOMTFARXATANYCALA2VJG, CDLZFC3SYJYDZT7K67VZ75HPJVIEUVNIXF47ZG2FB2RMQQVU2HHGCYSC, 50500000000i128, 1788964528u64, [{""amount""sym: 50500000000i128, ""auto_released_amount""sym: 0i128, ""denial_reason""sym: """"str, ""description""sym: ""Initial Project Deliverable""str, ""id""sym: 1u32, ""is_completed""sym: falsebool, ""is_denied""sym: falsebool, ""is_submitted""sym: falsebool, ""submitted_at""sym: 0u64, ""votes""sym: []}])",2026-09-02 14:35:37 UTC
Tx hash: 5fcf9294caf5bd13618cf7167457e26d2e2798131f459739731e4be47fd781fc,"GC3LBSWIPUY4YOXSQ6E4GZYDVDOJGXU5I4C6576VXSZ2FKX2FWWK3NWE invoked contract CCLQR3746SFXSBZT7MX7D7C2BEJ5TFGC5VBSFVJBF75B5MHDK7AH54IO approve_milestone(GC3LBSWIPUY4YOXSQ6E4GZYDVDOJGXU5I4C6576VXSZ2FKX2FWWK3NWE, 1u32)",2026-09-02 14:33:52 UTC
Tx hash: ad0ae67676fb02852020d9081c08c719484f45ae6c79666fb0d5290910cff6b6,"GBXBREYS6XS63OK6JB5TW26IMN7GHNOWFKT6JWBUOD7PYWZ5W26D3F24 invoked contract CCLQR3746SFXSBZT7MX7D7C2BEJ5TFGC5VBSFVJBF75B5MHDK7AH54IO approve_milestone(GBXBREYS6XS63OK6JB5TW26IMN7GHNOWFKT6JWBUOD7PYWZ5W26D3F24, 1u32)",2026-09-02 14:31:02 UTC
Tx hash: 3bc061304e00861d748bb353925cbaa6e6c0805ef0abb66fe1ed0d3c1dbb9125,GDBTWXXON2AHZMBOXCSK3LHV6SXXMFCSOCN2SHYEUGKJSQTGFXEJXBXZ invoked contract CCLQR3746SFXSBZT7MX7D7C2BEJ5TFGC5VBSFVJBF75B5MHDK7AH54IO submit_work(1u32),2026-09-02 14:30:37 UTC
Tx hash: 1a8d55a121d4c9b8f6046e232011be366566395cf1633d0d2411c5585909ba98,"GCB4WSXC5BN3PKNZUERIPRONZWGTJY75DN6XTGVCVLDSME55JFXLBBU2 invoked contract CCLQR3746SFXSBZT7MX7D7C2BEJ5TFGC5VBSFVJBF75B5MHDK7AH54IO create_escrow(GCB4WSXC5BN3PKNZUERIPRONZWGTJY75DN6XTGVCVLDSME55JFXLBBU2, GDBTWXXON2AHZMBOXCSK3LHV6SXXMFCSOCN2SHYEUGKJSQTGFXEJXBXZ, GBXBREYS6XS63OK6JB5TW26IMN7GHNOWFKT6JWBUOD7PYWZ5W26D3F24, GC3LBSWIPUY4YOXSQ6E4GZYDVDOJGXU5I4C6576VXSZ2FKX2FWWK3NWE, CDLZFC3SYJYDZT7K67VZ75HPJVIEUVNIXF47ZG2FB2RMQQVU2HHGCYSC, 75000000000i128, 1788964172u64, [{""amount""sym: 75000000000i128, ""auto_released_amount""sym: 0i128, ""denial_reason""sym: """"str, ""description""sym: ""Initial Project Deliverable""str, ""id""sym: 1u32, ""is_completed""sym: falsebool, ""is_denied""sym: falsebool, ""is_submitted""sym: falsebool, ""submitted_at""sym: 0u64, ""votes""sym: []}])",2026-09-02 14:29:42 UTC
Tx hash: df7eac0593ec0d5247f0366d3bc591571fbe65e1abc554c1ecf186d157560e61,"GBBMVZ5M4MFROVJFIQIVFRIU6I7KPJC5XVOTQ57M4HP4EVHA3QRTTCG5 invoked contract CCLQR3746SFXSBZT7MX7D7C2BEJ5TFGC5VBSFVJBF75B5MHDK7AH54IO approve_milestone(GBBMVZ5M4MFROVJFIQIVFRIU6I7KPJC5XVOTQ57M4HP4EVHA3QRTTCG5, 1u32)",2026-08-31 18:01:42 UTC
Tx hash: fcc1443693cd48ff632544801ca744c6ab3ade409d5035264bad767e02c6514d,"GD2FABBN6H7SHYEPTYNDBZMQ54NOHRGZGAJLUDWGFIJ24Q4HIYI2H4GB invoked contract CCLQR3746SFXSBZT7MX7D7C2BEJ5TFGC5VBSFVJBF75B5MHDK7AH54IO approve_milestone(GD2FABBN6H7SHYEPTYNDBZMQ54NOHRGZGAJLUDWGFIJ24Q4HIYI2H4GB, 1u32)",2026-08-31 18:01:17 UTC
Tx hash: e33dde5b63a2bc7f904b19605164227eec8dceef516152d3c1961a329c5f327b,GC6BGAOPIN5KYJP37ILRPP3YK2APUTVZFYP3GCEUCAQ3RKJKUWPX3TG3 invoked contract CCLQR3746SFXSBZT7MX7D7C2BEJ5TFGC5VBSFVJBF75B5MHDK7AH54IO submit_work(1u32),2026-08-31 18:00:22 UTC
Tx hash: 3dd470854e8199dc2a793dd33c07eaa6fce23124affb09f92c844da8e1413c44,"GDE7N3BMDZ6S62DJ2YYMUO7RAX5X66LW7CFKED6L3TVOTYSP3YGYJCV4 invoked contract CCLQR3746SFXSBZT7MX7D7C2BEJ5TFGC5VBSFVJBF75B5MHDK7AH54IO create_escrow(GDE7N3BMDZ6S62DJ2YYMUO7RAX5X66LW7CFKED6L3TVOTYSP3YGYJCV4, GC6BGAOPIN5KYJP37ILRPP3YK2APUTVZFYP3GCEUCAQ3RKJKUWPX3TG3, GBBMVZ5M4MFROVJFIQIVFRIU6I7KPJC5XVOTQ57M4HP4EVHA3QRTTCG5, GD2FABBN6H7SHYEPTYNDBZMQ54NOHRGZGAJLUDWGFIJ24Q4HIYI2H4GB, CDLZFC3SYJYDZT7K67VZ75HPJVIEUVNIXF47ZG2FB2RMQQVU2HHGCYSC, 60000000000i128, 1788803964u64, [{""amount""sym: 60000000000i128, ""auto_released_amount""sym: 0i128, ""denial_reason""sym: """"str, ""description""sym: ""Initial Project Deliverable""str, ""id""sym: 1u32, ""is_completed""sym: falsebool, ""is_denied""sym: falsebool, ""is_submitted""sym: falsebool, ""submitted_at""sym: 0u64, ""votes""sym: []}])",2026-08-31 17:59:42 UTC
Tx hash: 16ba35276c04aeb8bd85293a591b6e8be3dad725a8febcea3ec0b97613df7ee9,"GA3GA27PYNA2WFCHAJEY3BVGYC7HAA7WWFWQGHE77OI6QVZUOLP7SCTX invoked contract CCLQR3746SFXSBZT7MX7D7C2BEJ5TFGC5VBSFVJBF75B5MHDK7AH54IO create_escrow(GA3GA27PYNA2WFCHAJEY3BVGYC7HAA7WWFWQGHE77OI6QVZUOLP7SCTX, GCSRZIIAU5MSO6FIHYV42EUCQFJDSV4CXU4PCTEGXYV25OL7WJ5LWKZE, (), (), CDLZFC3SYJYDZT7K67VZ75HPJVIEUVNIXF47ZG2FB2RMQQVU2HHGCYSC, 100000000i128, 1788796880u64, [{""amount""sym: 100000000i128, ""auto_released_amount""sym: 0i128, ""denial_reason""sym: """"str, ""description""sym: ""Initial Project Deliverable""str, ""id""sym: 1u32, ""is_completed""sym: falsebool, ""is_denied""sym: falsebool, ""is_submitted""sym: falsebool, ""submitted_at""sym: 0u64, ""votes""sym: []}])",2026-08-31 16:01:32 UTC
Tx hash: e74b5ae398b0223d0551d80d1423b9c0bc48641ee7fab5370af02fbf1c1f6e8e,"GA3GA27PYNA2WFCHAJEY3BVGYC7HAA7WWFWQGHE77OI6QVZUOLP7SCTX invoked contract CCLQR3746SFXSBZT7MX7D7C2BEJ5TFGC5VBSFVJBF75B5MHDK7AH54IO deny_milestone(GA3GA27PYNA2WFCHAJEY3BVGYC7HAA7WWFWQGHE77OI6QVZUOLP7SCTX, 1u32, ""bug""str)",2026-08-31 15:55:02 UTC
Tx hash: 98edc7129d7101ccdd2e09ba7f05fdcc9266a43ce3f84f35fc3214ca4c882767,GCSRZIIAU5MSO6FIHYV42EUCQFJDSV4CXU4PCTEGXYV25OL7WJ5LWKZE invoked contract CCLQR3746SFXSBZT7MX7D7C2BEJ5TFGC5VBSFVJBF75B5MHDK7AH54IO submit_work(1u32),2026-08-31 15:48:52 UTC
Tx hash: aaef8b7fe7808f9d1b81f2dca67a452f3a1744fa3332747c0a56ffb50ab4eff0,"GA3GA27PYNA2WFCHAJEY3BVGYC7HAA7WWFWQGHE77OI6QVZUOLP7SCTX invoked contract CCLQR3746SFXSBZT7MX7D7C2BEJ5TFGC5VBSFVJBF75B5MHDK7AH54IO create_escrow(GA3GA27PYNA2WFCHAJEY3BVGYC7HAA7WWFWQGHE77OI6QVZUOLP7SCTX, GCSRZIIAU5MSO6FIHYV42EUCQFJDSV4CXU4PCTEGXYV25OL7WJ5LWKZE, (), (), CDLZFC3SYJYDZT7K67VZ75HPJVIEUVNIXF47ZG2FB2RMQQVU2HHGCYSC, 100000000i128, 1788796054u64, [{""amount""sym: 100000000i128, ""auto_released_amount""sym: 0i128, ""denial_reason""sym: """"str, ""description""sym: ""Initial Project Deliverable""str, ""id""sym: 1u32, ""is_completed""sym: falsebool, ""is_denied""sym: falsebool, ""is_submitted""sym: falsebool, ""submitted_at""sym: 0u64, ""votes""sym: []}])",2026-08-31 15:47:57 UTC
Tx hash: 42519993fe60370544ff59a0a8a574ec1f8cbb6d1e29c78b2e997331d3ce9369,GCSRZIIAU5MSO6FIHYV42EUCQFJDSV4CXU4PCTEGXYV25OL7WJ5LWKZE invoked contract CCLQR3746SFXSBZT7MX7D7C2BEJ5TFGC5VBSFVJBF75B5MHDK7AH54IO submit_work(1u32),2026-08-31 15:41:37 UTC
Tx hash: 9cc68e5ec721a50ee7ec52dbb3f3b71a0c993b4355eafb0dfa3e748f76849412,"GA3GA27PYNA2WFCHAJEY3BVGYC7HAA7WWFWQGHE77OI6QVZUOLP7SCTX invoked contract CCLQR3746SFXSBZT7MX7D7C2BEJ5TFGC5VBSFVJBF75B5MHDK7AH54IO create_escrow(GA3GA27PYNA2WFCHAJEY3BVGYC7HAA7WWFWQGHE77OI6QVZUOLP7SCTX, GCSRZIIAU5MSO6FIHYV42EUCQFJDSV4CXU4PCTEGXYV25OL7WJ5LWKZE, (), (), CDLZFC3SYJYDZT7K67VZ75HPJVIEUVNIXF47ZG2FB2RMQQVU2HHGCYSC, 4990000000i128, 1788795614u64, [{""amount""sym: 4990000000i128, ""auto_released_amount""sym: 0i128, ""denial_reason""sym: """"str, ""description""sym: ""Initial Project Deliverable""str, ""id""sym: 1u32, ""is_completed""sym: falsebool, ""is_denied""sym: falsebool, ""is_submitted""sym: falsebool, ""submitted_at""sym: 0u64, ""votes""sym: []}])",2026-08-31 15:40:32 UTC
Tx hash: 45d2b7429e71e45fa347e6da3f750839efe993ebb4b4f8439541695191d9add6,"GCUUYRBNDIFBOS3KL6SPZTRO2KMYMWPZJT2LIFJDLA6UOV4LS7RZ6Y5M invoked contract CCLQR3746SFXSBZT7MX7D7C2BEJ5TFGC5VBSFVJBF75B5MHDK7AH54IO approve_milestone(GCUUYRBNDIFBOS3KL6SPZTRO2KMYMWPZJT2LIFJDLA6UOV4LS7RZ6Y5M, 1u32)",2026-08-15 03:52:37 UTC
Tx hash: d9055776ad36dca9b2a532db4b289572372f0ec53d00e94616aa4d54f7de6520,"GAFXLZCFKSJPESZNG53YZ6NXZK2ECGHBFYJFUZ6GL4IAIW6EAXSOXPIL invoked contract CCLQR3746SFXSBZT7MX7D7C2BEJ5TFGC5VBSFVJBF75B5MHDK7AH54IO approve_milestone(GAFXLZCFKSJPESZNG53YZ6NXZK2ECGHBFYJFUZ6GL4IAIW6EAXSOXPIL, 1u32)",2026-08-15 03:51:32 UTC
Tx hash: 04a89f2c5a0d2dab339a809e9b3a4b6bea55d972a2bfae3d6ff1fa0ec536e9bd,GA3GA27PYNA2WFCHAJEY3BVGYC7HAA7WWFWQGHE77OI6QVZUOLP7SCTX invoked contract CCLQR3746SFXSBZT7MX7D7C2BEJ5TFGC5VBSFVJBF75B5MHDK7AH54IO submit_work(1u32),2026-08-15 03:50:37 UTC
Tx hash: 15d2c6e2686fa10547fac8aaef8b6c449bda27e7ca7ea1c09ab0b4c9a311f053,"GCUUYRBNDIFBOS3KL6SPZTRO2KMYMWPZJT2LIFJDLA6UOV4LS7RZ6Y5M invoked contract CCLQR3746SFXSBZT7MX7D7C2BEJ5TFGC5VBSFVJBF75B5MHDK7AH54IO create_escrow(GCUUYRBNDIFBOS3KL6SPZTRO2KMYMWPZJT2LIFJDLA6UOV4LS7RZ6Y5M, GA3GA27PYNA2WFCHAJEY3BVGYC7HAA7WWFWQGHE77OI6QVZUOLP7SCTX, GC7TAYSDQI7BI3J56PX24NS272H6BEGLM676LKGAIAF5EAWYLSPZ2FMK, GAFXLZCFKSJPESZNG53YZ6NXZK2ECGHBFYJFUZ6GL4IAIW6EAXSOXPIL, CDLZFC3SYJYDZT7K67VZ75HPJVIEUVNIXF47ZG2FB2RMQQVU2HHGCYSC, 100000000000i128, 1795405709u64, [{""amount""sym: 100000000000i128, ""auto_released_amount""sym: 0i128, ""denial_reason""sym: """"str, ""description""sym: ""Project ""str, ""id""sym: 1u32, ""is_completed""sym: falsebool, ""is_denied""sym: falsebool, ""is_submitted""sym: falsebool, ""submitted_at""sym: 0u64, ""votes""sym: []}])",2026-08-15 03:48:51 UTC
Tx hash: 914f2ddc7f29047efbcd1fd5d4ffd0035b11d79f627d9ba5fcb325b9f0770384,"GAFXLZCFKSJPESZNG53YZ6NXZK2ECGHBFYJFUZ6GL4IAIW6EAXSOXPIL invoked contract CCLQR3746SFXSBZT7MX7D7C2BEJ5TFGC5VBSFVJBF75B5MHDK7AH54IO approve_milestone(GAFXLZCFKSJPESZNG53YZ6NXZK2ECGHBFYJFUZ6GL4IAIW6EAXSOXPIL, 1u32)",2026-08-14 15:32:16 UTC
Tx hash: 405e8f954fe9805b06718ec8922eb58cedef502165c5ad1d04d90fa76acbe5cf,"GCCQHJNBGHNBKSS6UDKEUHMW7JJLHZHHHU4YS2TTXTTKXYIH2ISWWRY2 invoked contract CCLQR3746SFXSBZT7MX7D7C2BEJ5TFGC5VBSFVJBF75B5MHDK7AH54IO approve_milestone(GCCQHJNBGHNBKSS6UDKEUHMW7JJLHZHHHU4YS2TTXTTKXYIH2ISWWRY2, 1u32)",2026-08-14 15:30:56 UTC
Tx hash: 0f8a1c150898b0808c18887a2dddc3d6a5e714daae0eda2eae68a9f50d70cf23,GCUUYRBNDIFBOS3KL6SPZTRO2KMYMWPZJT2LIFJDLA6UOV4LS7RZ6Y5M invoked contract CCLQR3746SFXSBZT7MX7D7C2BEJ5TFGC5VBSFVJBF75B5MHDK7AH54IO submit_work(1u32),2026-08-14 15:29:36 UTC
Tx hash: ff65c21b1e9d041825206404a33dda57b2ee16489c18045ed2fa57f394a28bf0,"GAFXLZCFKSJPESZNG53YZ6NXZK2ECGHBFYJFUZ6GL4IAIW6EAXSOXPIL invoked contract CCLQR3746SFXSBZT7MX7D7C2BEJ5TFGC5VBSFVJBF75B5MHDK7AH54IO create_escrow(GAFXLZCFKSJPESZNG53YZ6NXZK2ECGHBFYJFUZ6GL4IAIW6EAXSOXPIL, GCUUYRBNDIFBOS3KL6SPZTRO2KMYMWPZJT2LIFJDLA6UOV4LS7RZ6Y5M, GCSRZIIAU5MSO6FIHYV42EUCQFJDSV4CXU4PCTEGXYV25OL7WJ5LWKZE, GCCQHJNBGHNBKSS6UDKEUHMW7JJLHZHHHU4YS2TTXTTKXYIH2ISWWRY2, CDLZFC3SYJYDZT7K67VZ75HPJVIEUVNIXF47ZG2FB2RMQQVU2HHGCYSC, 60000000000i128, 1787498891u64, [{""amount""sym: 60000000000i128, ""auto_released_amount""sym: 0i128, ""denial_reason""sym: """"str, ""description""sym: ""Development""str, ""id""sym: 1u32, ""is_completed""sym: falsebool, ""is_denied""sym: falsebool, ""is_submitted""sym: falsebool, ""submitted_at""sym: 0u64, ""votes""sym: []}])",2026-08-14 15:28:21 UTC
Tx hash: 30c54f7004f19bffd464c067567eb9931372a831b25f365647758e322336d7d5,"GAFXLZCFKSJPESZNG53YZ6NXZK2ECGHBFYJFUZ6GL4IAIW6EAXSOXPIL invoked contract CCLQR3746SFXSBZT7MX7D7C2BEJ5TFGC5VBSFVJBF75B5MHDK7AH54IO approve_milestone(GAFXLZCFKSJPESZNG53YZ6NXZK2ECGHBFYJFUZ6GL4IAIW6EAXSOXPIL, 1u32)",2026-08-14 15:23:15 UTC
Tx hash: 41ada9e1d1f99af33d06fb9ed2ae7a991c2b46b764e74663cf7f891769eb40f0,"GCCQHJNBGHNBKSS6UDKEUHMW7JJLHZHHHU4YS2TTXTTKXYIH2ISWWRY2 invoked contract CCLQR3746SFXSBZT7MX7D7C2BEJ5TFGC5VBSFVJBF75B5MHDK7AH54IO approve_milestone(GCCQHJNBGHNBKSS6UDKEUHMW7JJLHZHHHU4YS2TTXTTKXYIH2ISWWRY2, 1u32)",2026-08-14 15:22:20 UTC
Tx hash: 82d710ccc5bed1d38f7c80ec6c99bc046c8c9e3c5899b167b62c4040e3eca374,GCUUYRBNDIFBOS3KL6SPZTRO2KMYMWPZJT2LIFJDLA6UOV4LS7RZ6Y5M invoked contract CCLQR3746SFXSBZT7MX7D7C2BEJ5TFGC5VBSFVJBF75B5MHDK7AH54IO submit_work(1u32),2026-08-14 15:21:00 UTC
Tx hash: 428247773b84b93236861f4d22e6cd22e99761b9cdbfdadbda1597a945d2bfee,"GAFXLZCFKSJPESZNG53YZ6NXZK2ECGHBFYJFUZ6GL4IAIW6EAXSOXPIL invoked contract CCLQR3746SFXSBZT7MX7D7C2BEJ5TFGC5VBSFVJBF75B5MHDK7AH54IO create_escrow(GAFXLZCFKSJPESZNG53YZ6NXZK2ECGHBFYJFUZ6GL4IAIW6EAXSOXPIL, GCUUYRBNDIFBOS3KL6SPZTRO2KMYMWPZJT2LIFJDLA6UOV4LS7RZ6Y5M, GCCQHJNBGHNBKSS6UDKEUHMW7JJLHZHHHU4YS2TTXTTKXYIH2ISWWRY2, GCSRZIIAU5MSO6FIHYV42EUCQFJDSV4CXU4PCTEGXYV25OL7WJ5LWKZE, CDLZFC3SYJYDZT7K67VZ75HPJVIEUVNIXF47ZG2FB2RMQQVU2HHGCYSC, 60000000000i128, 1787325592u64, [{""amount""sym: 60000000000i128, ""auto_released_amount""sym: 0i128, ""denial_reason""sym: """"str, ""description""sym: ""Development""str, ""id""sym: 1u32, ""is_completed""sym: falsebool, ""is_denied""sym: falsebool, ""is_submitted""sym: falsebool, ""submitted_at""sym: 0u64, ""votes""sym: []}])",2026-08-14 15:20:05 UTC
Tx hash: bbfd1fbdc2e39c93bf77d41d3a21026f45fb1dc76c25af23b80adcf61403c97b,"GC7TAYSDQI7BI3J56PX24NS272H6BEGLM676LKGAIAF5EAWYLSPZ2FMK invoked contract CCLQR3746SFXSBZT7MX7D7C2BEJ5TFGC5VBSFVJBF75B5MHDK7AH54IO approve_milestone(GC7TAYSDQI7BI3J56PX24NS272H6BEGLM676LKGAIAF5EAWYLSPZ2FMK, 2u32)",2026-08-14 10:00:43 UTC
Tx hash: 467644d65317ebc89010b2f7cd77e79c76595bb842fab3dceb21f4ebd5b10363,"GA3GA27PYNA2WFCHAJEY3BVGYC7HAA7WWFWQGHE77OI6QVZUOLP7SCTX invoked contract CCLQR3746SFXSBZT7MX7D7C2BEJ5TFGC5VBSFVJBF75B5MHDK7AH54IO approve_milestone(GA3GA27PYNA2WFCHAJEY3BVGYC7HAA7WWFWQGHE77OI6QVZUOLP7SCTX, 2u32)",2026-08-14 10:00:23 UTC
Tx hash: c2842984408c0554584b32078a862afc46068511cd8dacb80f787ceaf5106583,GAFXLZCFKSJPESZNG53YZ6NXZK2ECGHBFYJFUZ6GL4IAIW6EAXSOXPIL invoked contract CCLQR3746SFXSBZT7MX7D7C2BEJ5TFGC5VBSFVJBF75B5MHDK7AH54IO submit_work(2u32),2026-08-14 09:59:53 UTC
Tx hash: 5d1469f6f20f8ff9d84a3de62763a032bd01723340862bfe573511914a8a14e3,"GCUUYRBNDIFBOS3KL6SPZTRO2KMYMWPZJT2LIFJDLA6UOV4LS7RZ6Y5M invoked contract CCLQR3746SFXSBZT7MX7D7C2BEJ5TFGC5VBSFVJBF75B5MHDK7AH54IO deny_milestone(GCUUYRBNDIFBOS3KL6SPZTRO2KMYMWPZJT2LIFJDLA6UOV4LS7RZ6Y5M, 2u32, ""Add more CSS and make a modern design""str)",2026-08-14 09:59:18 UTC
Tx hash: e88bf1c2b45c806ab6e02ed9fcdb9a4e1116cead5e965650b3379d6dbfb4c823,"GCUUYRBNDIFBOS3KL6SPZTRO2KMYMWPZJT2LIFJDLA6UOV4LS7RZ6Y5M invoked contract CCLQR3746SFXSBZT7MX7D7C2BEJ5TFGC5VBSFVJBF75B5MHDK7AH54IO approve_milestone(GCUUYRBNDIFBOS3KL6SPZTRO2KMYMWPZJT2LIFJDLA6UOV4LS7RZ6Y5M, 1u32)",2026-08-14 09:58:38 UTC
Tx hash: 52619ca8422b420efc751837ab47e5cf17400ee4fd3719870499270d5b8ccd7e,GAFXLZCFKSJPESZNG53YZ6NXZK2ECGHBFYJFUZ6GL4IAIW6EAXSOXPIL invoked contract CCLQR3746SFXSBZT7MX7D7C2BEJ5TFGC5VBSFVJBF75B5MHDK7AH54IO submit_work(2u32),2026-08-14 09:58:03 UTC
Tx hash: 3eb0a4f8064bb64dd760963a36f09d4a2999565d6f999302441f81dbb5f51273,GAFXLZCFKSJPESZNG53YZ6NXZK2ECGHBFYJFUZ6GL4IAIW6EAXSOXPIL invoked contract CCLQR3746SFXSBZT7MX7D7C2BEJ5TFGC5VBSFVJBF75B5MHDK7AH54IO submit_work(1u32),2026-08-14 09:57:43 UTC
Tx hash: e7931c1620feff3ab3bfc5bb2d48f303803dd37470a8061bd0e2e5fbfdecd0c7,"GC7TAYSDQI7BI3J56PX24NS272H6BEGLM676LKGAIAF5EAWYLSPZ2FMK invoked contract CCLQR3746SFXSBZT7MX7D7C2BEJ5TFGC5VBSFVJBF75B5MHDK7AH54IO approve_milestone(GC7TAYSDQI7BI3J56PX24NS272H6BEGLM676LKGAIAF5EAWYLSPZ2FMK, 1u32)",2026-08-14 09:57:13 UTC
Tx hash: 18609ef6b37ad392272d09df5c4d075e900e30712029e7bd6fdeb934da537097,"GC7TAYSDQI7BI3J56PX24NS272H6BEGLM676LKGAIAF5EAWYLSPZ2FMK invoked contract CCLQR3746SFXSBZT7MX7D7C2BEJ5TFGC5VBSFVJBF75B5MHDK7AH54IO create_escrow(GC7TAYSDQI7BI3J56PX24NS272H6BEGLM676LKGAIAF5EAWYLSPZ2FMK, GAFXLZCFKSJPESZNG53YZ6NXZK2ECGHBFYJFUZ6GL4IAIW6EAXSOXPIL, GCUUYRBNDIFBOS3KL6SPZTRO2KMYMWPZJT2LIFJDLA6UOV4LS7RZ6Y5M, GA3GA27PYNA2WFCHAJEY3BVGYC7HAA7WWFWQGHE77OI6QVZUOLP7SCTX, CDLZFC3SYJYDZT7K67VZ75HPJVIEUVNIXF47ZG2FB2RMQQVU2HHGCYSC, 75000000000i128, 1788775010u64, [{""amount""sym: 25000000000i128, ""auto_released_amount""sym: 0i128, ""denial_reason""sym: """"str, ""description""sym: ""Code It""str, ""id""sym: 1u32, ""is_completed""sym: falsebool, ""is_denied""sym: falsebool, ""is_submitted""sym: falsebool, ""submitted_at""sym: 0u64, ""votes""sym: []}, {""amount""sym: 25000000000i128, ""auto_released_amount""sym: 0i128, ""denial_reason""sym: """"str, ""description""sym: ""Design It""str, ""id""sym: 2u32, ""is_completed""sym: falsebool, ""is_denied""sym: falsebool, ""is_submitted""sym: falsebool, ""submitted_at""sym: 0u64, ""votes""sym: []}, {""amount""sym: 25000000000i128, ""auto_released_amount""sym: 0i128, ""denial_reason""sym: """"str, ""description""sym: ""Develop It""str, ""id""sym: 3u32, ""is_completed""sym: falsebool, ""is_denied""sym: falsebool, ""is_submitted""sym: falsebool, ""submitted_at""sym: 0u64, ""votes""sym: []}])",2026-08-14 09:56:58 UTC
Tx hash: fe55ba979981d3e7dc6abd0c6591ee6d26aa90452aec352eb6bb6e5aeecc99e4,GD7RTOFAEG2VJFAUYUA4PKDEE4BGNHPWFQU6ONH43JH6ILKLHJOAITPW invoked contract CCLQR3746SFXSBZT7MX7D7C2BEJ5TFGC5VBSFVJBF75B5MHDK7AH54IO submit_work(1u32),2026-08-14 09:54:23 UTC
Tx hash: 4e255f5fda5bdb88a2795d99daa5aca5094a4df05c495b3609c33060dda4dbe0,"GDAX2RW7ZRGTH3CCYEK7DCZNJSBVYCPGN7NPSFIDDRFMZRP5CRHCNFYE invoked contract CCLQR3746SFXSBZT7MX7D7C2BEJ5TFGC5VBSFVJBF75B5MHDK7AH54IO create_escrow(GDAX2RW7ZRGTH3CCYEK7DCZNJSBVYCPGN7NPSFIDDRFMZRP5CRHCNFYE, GD7RTOFAEG2VJFAUYUA4PKDEE4BGNHPWFQU6ONH43JH6ILKLHJOAITPW, (), (), CDLZFC3SYJYDZT7K67VZ75HPJVIEUVNIXF47ZG2FB2RMQQVU2HHGCYSC, 20000000000i128, 1787305936u64, [{""amount""sym: 20000000000i128, ""auto_released_amount""sym: 0i128, ""denial_reason""sym: """"str, ""description""sym: ""programming""str, ""id""sym: 1u32, ""is_completed""sym: falsebool, ""is_denied""sym: falsebool, ""is_submitted""sym: falsebool, ""submitted_at""sym: 0u64, ""votes""sym: []}])",2026-08-14 09:52:33 UTC
Tx hash: 170116427a1221e6a5969705373f9fc85f6c577fd6750ca86d398c3ff6959e59,"GCZ5TP4A4YHNO4YW7ITRSRMDUETGJV4U66R2SCNK2K6BXYEQWTLTTAZF invoked contract CCLQR3746SFXSBZT7MX7D7C2BEJ5TFGC5VBSFVJBF75B5MHDK7AH54IO approve_milestone(GCZ5TP4A4YHNO4YW7ITRSRMDUETGJV4U66R2SCNK2K6BXYEQWTLTTAZF, 1u32)",2026-08-14 09:51:08 UTC
Tx hash: 91ec21c8c6ce7ede84e6ff22e7841c6c3b10f32fadbae69d3c238e2c1c37573f,"GCJUDWXPXXME2EMZO4XDWNQOK2COMWSFLQDLTQVRGTKU56EOJJ4H5UOP invoked contract CCLQR3746SFXSBZT7MX7D7C2BEJ5TFGC5VBSFVJBF75B5MHDK7AH54IO approve_milestone(GCJUDWXPXXME2EMZO4XDWNQOK2COMWSFLQDLTQVRGTKU56EOJJ4H5UOP, 1u32)",2026-08-14 09:50:22 UTC
Tx hash: 647a18d30fd5d18b4123a63ae69dccb489157911f308561bc2aba62e949ca447,GAAZCDAKASWXENHSF4NAOBQNNTYVER234476B3GPRP4OASY347UBSJN7 invoked contract CCLQR3746SFXSBZT7MX7D7C2BEJ5TFGC5VBSFVJBF75B5MHDK7AH54IO submit_work(1u32),2026-08-14 09:49:22 UTC
Tx hash: 6f0d26aa488b42b58e908e345416ccc86fe18fa551478fcc6310fec99b57303a,"GAZO5PQAVO6FUZNH3MEDYXLEHF52CL75AAAGCMA6R6W2577GLGZXVLYI invoked contract CCLQR3746SFXSBZT7MX7D7C2BEJ5TFGC5VBSFVJBF75B5MHDK7AH54IO create_escrow(GAZO5PQAVO6FUZNH3MEDYXLEHF52CL75AAAGCMA6R6W2577GLGZXVLYI, GAAZCDAKASWXENHSF4NAOBQNNTYVER234476B3GPRP4OASY347UBSJN7, GCJUDWXPXXME2EMZO4XDWNQOK2COMWSFLQDLTQVRGTKU56EOJJ4H5UOP, GCZ5TP4A4YHNO4YW7ITRSRMDUETGJV4U66R2SCNK2K6BXYEQWTLTTAZF, CDLZFC3SYJYDZT7K67VZ75HPJVIEUVNIXF47ZG2FB2RMQQVU2HHGCYSC, 50010000000i128, 1787305709u64, [{""amount""sym: 50010000000i128, ""auto_released_amount""sym: 0i128, ""denial_reason""sym: """"str, ""description""sym: ""Initial Project Deliverable""str, ""id""sym: 1u32, ""is_completed""sym: falsebool, ""is_denied""sym: falsebool, ""is_submitted""sym: falsebool, ""submitted_at""sym: 0u64, ""votes""sym: []}])",2026-08-14 09:48:47 UTC
Tx hash: 4ffd11a65a307e6076520bd5a3bea99ae731492c83c1dfcdac47d068afc17584,"GC22GADZNFKDPDU23UWDCAEUU456PBGXFVUIDU3QHV5NZIHVN4GEF4MZ invoked contract CCLQR3746SFXSBZT7MX7D7C2BEJ5TFGC5VBSFVJBF75B5MHDK7AH54IO approve_milestone(GC22GADZNFKDPDU23UWDCAEUU456PBGXFVUIDU3QHV5NZIHVN4GEF4MZ, 1u32)",2026-08-14 09:32:51 UTC
Tx hash: 13bd29064b351757a5a05a3c4a218544e2972b87bd501dfd8abab0603344df1d,"GBEQZFTABMYQQHSOT52UDXYMFPQEYK6G6LSAC66D7WVIR4HIF6UNPYKA invoked contract CCLQR3746SFXSBZT7MX7D7C2BEJ5TFGC5VBSFVJBF75B5MHDK7AH54IO approve_milestone(GBEQZFTABMYQQHSOT52UDXYMFPQEYK6G6LSAC66D7WVIR4HIF6UNPYKA, 1u32)",2026-08-14 09:32:16 UTC
Tx hash: 6ae8735ed6db653b6774fe0c532a486d85e0e5b24d2d3eb1b3c62d096e9caccd,"GBEQZFTABMYQQHSOT52UDXYMFPQEYK6G6LSAC66D7WVIR4HIF6UNPYKA invoked contract CCLQR3746SFXSBZT7MX7D7C2BEJ5TFGC5VBSFVJBF75B5MHDK7AH54IO approve_milestone(GBEQZFTABMYQQHSOT52UDXYMFPQEYK6G6LSAC66D7WVIR4HIF6UNPYKA, 2u32)",2026-08-14 09:31:26 UTC
Tx hash: 2f065cc9e0e1ab7fbe21a88445f518f56a94cb1f7dcf0e9b4fcb01622e6b444a,"GBEQZFTABMYQQHSOT52UDXYMFPQEYK6G6LSAC66D7WVIR4HIF6UNPYKA invoked contract CCLQR3746SFXSBZT7MX7D7C2BEJ5TFGC5VBSFVJBF75B5MHDK7AH54IO deny_milestone(GBEQZFTABMYQQHSOT52UDXYMFPQEYK6G6LSAC66D7WVIR4HIF6UNPYKA, 1u32, ""bug""str)",2026-08-14 09:31:05 UTC
Tx hash: 225667e5628d2349dd244e567233714d802dae03c72306687183777230fd7d8c,GAQWFPRFYQYIN4E3ZFEOVBTQZJKPYEAHJTV6YFJG2AHFIYJ3UY5UQWUG invoked contract CCLQR3746SFXSBZT7MX7D7C2BEJ5TFGC5VBSFVJBF75B5MHDK7AH54IO submit_work(2u32),2026-08-14 09:29:30 UTC
Tx hash: 2a1047fc099b0df89ebfbacc79952c99aa760ee164d3a60df67620db66f91b43,GAQWFPRFYQYIN4E3ZFEOVBTQZJKPYEAHJTV6YFJG2AHFIYJ3UY5UQWUG invoked contract CCLQR3746SFXSBZT7MX7D7C2BEJ5TFGC5VBSFVJBF75B5MHDK7AH54IO submit_work(1u32),2026-08-14 09:29:15 UTC
Tx hash: 2fc4267df1d9b0fc4cf52f87b7acf2148ff1702b5f887c6a1ff74f2b9012fa64,"GDKFH337IS7H2DFMGLULNEPIB46KDWNSPAJN5S3G72YBFWFT2URE2DA6 invoked contract CCLQR3746SFXSBZT7MX7D7C2BEJ5TFGC5VBSFVJBF75B5MHDK7AH54IO approve_milestone(GDKFH337IS7H2DFMGLULNEPIB46KDWNSPAJN5S3G72YBFWFT2URE2DA6, 2u32)",2026-08-14 09:28:30 UTC
Tx hash: c14af88f07ca512a26509769191cef0b376dec0cb9e7eadd3bc22905d5cdbb75,"GDKFH337IS7H2DFMGLULNEPIB46KDWNSPAJN5S3G72YBFWFT2URE2DA6 invoked contract CCLQR3746SFXSBZT7MX7D7C2BEJ5TFGC5VBSFVJBF75B5MHDK7AH54IO create_escrow(GDKFH337IS7H2DFMGLULNEPIB46KDWNSPAJN5S3G72YBFWFT2URE2DA6, GAQWFPRFYQYIN4E3ZFEOVBTQZJKPYEAHJTV6YFJG2AHFIYJ3UY5UQWUG, GBEQZFTABMYQQHSOT52UDXYMFPQEYK6G6LSAC66D7WVIR4HIF6UNPYKA, GC22GADZNFKDPDU23UWDCAEUU456PBGXFVUIDU3QHV5NZIHVN4GEF4MZ, CDLZFC3SYJYDZT7K67VZ75HPJVIEUVNIXF47ZG2FB2RMQQVU2HHGCYSC, 60000000000i128, 1787304471u64, [{""amount""sym: 30000000000i128, ""auto_released_amount""sym: 0i128, ""denial_reason""sym: """"str, ""description""sym: ""Initial Project Deliverable""str, ""id""sym: 1u32, ""is_completed""sym: falsebool, ""is_denied""sym: falsebool, ""is_submitted""sym: falsebool, ""submitted_at""sym: 0u64, ""votes""sym: []}, {""amount""sym: 30000000000i128, ""auto_released_amount""sym: 0i128, ""denial_reason""sym: """"str, ""description""sym: ""Second Delivery""str, ""id""sym: 2u32, ""is_completed""sym: falsebool, ""is_denied""sym: falsebool, ""is_submitted""sym: falsebool, ""submitted_at""sym: 0u64, ""votes""sym: []}])",2026-08-14 09:28:10 UTC
Tx hash: 9c859c0676f6c87fed69773208845a532f749b5ac046954fc1bca004732d8729,"GBSPIC2VPQRZO32IZKO6U32EBZZFIXHZLORDSVBY6VYHUXUGYLKSAMME invoked contract CCLQR3746SFXSBZT7MX7D7C2BEJ5TFGC5VBSFVJBF75B5MHDK7AH54IO approve_milestone(GBSPIC2VPQRZO32IZKO6U32EBZZFIXHZLORDSVBY6VYHUXUGYLKSAMME, 1u32)",2026-08-14 09:25:00 UTC
Tx hash: 9631619cfbb7e9acbc4fa4e722d4df97a011c7944f685e1149c7dd7c39f9e609,"GAQHB4JP3DKM4CVZFU7QHXBSMSH54H7PJDGT4MYYSZBLPKC7SLCAF3KQ invoked contract CCLQR3746SFXSBZT7MX7D7C2BEJ5TFGC5VBSFVJBF75B5MHDK7AH54IO approve_milestone(GAQHB4JP3DKM4CVZFU7QHXBSMSH54H7PJDGT4MYYSZBLPKC7SLCAF3KQ, 1u32)",2026-08-14 09:24:10 UTC
Tx hash: c5b58f0eba98a2f4ac2f20310325b2679f4dd417742e464c438a07a952007460,GC3JVCGQFJSNYFRTIUUODNHM4BZC2N3PF73IIKE7UWYKADAZYLZ6XNGJ invoked contract CCLQR3746SFXSBZT7MX7D7C2BEJ5TFGC5VBSFVJBF75B5MHDK7AH54IO submit_work(1u32),2026-08-14 09:23:40 UTC
Tx hash: 670232e768b2a5fd46e167abab7e247c81e5d72f7b15d048b2990353a9529dbb,"GBSPIC2VPQRZO32IZKO6U32EBZZFIXHZLORDSVBY6VYHUXUGYLKSAMME invoked contract CCLQR3746SFXSBZT7MX7D7C2BEJ5TFGC5VBSFVJBF75B5MHDK7AH54IO create_escrow(GBSPIC2VPQRZO32IZKO6U32EBZZFIXHZLORDSVBY6VYHUXUGYLKSAMME, GC3JVCGQFJSNYFRTIUUODNHM4BZC2N3PF73IIKE7UWYKADAZYLZ6XNGJ, GAQHB4JP3DKM4CVZFU7QHXBSMSH54H7PJDGT4MYYSZBLPKC7SLCAF3KQ, GC3JVCGQFJSNYFRTIUUODNHM4BZC2N3PF73IIKE7UWYKADAZYLZ6XNGJ, CDLZFC3SYJYDZT7K67VZ75HPJVIEUVNIXF47ZG2FB2RMQQVU2HHGCYSC, 60000000000i128, 1787304176u64, [{""amount""sym: 60000000000i128, ""auto_released_amount""sym: 0i128, ""denial_reason""sym: """"str, ""description""sym: ""Initial Project Deliverable""str, ""id""sym: 1u32, ""is_completed""sym: falsebool, ""is_denied""sym: falsebool, ""is_submitted""sym: falsebool, ""submitted_at""sym: 0u64, ""votes""sym: []}])",2026-08-14 09:23:05 UTC
Tx hash: 57569ea22d5d6b2e6bd46830cee5754fd1cf5b8bec79afcdb9881e76b27acea0,"GDZKRU67LZFVPEUXSIHLY72LH6MNSOXNBOBPG3LEUY2NXZKYL3TG5XSU invoked contract CCLQR3746SFXSBZT7MX7D7C2BEJ5TFGC5VBSFVJBF75B5MHDK7AH54IO approve_milestone(GDZKRU67LZFVPEUXSIHLY72LH6MNSOXNBOBPG3LEUY2NXZKYL3TG5XSU, 1u32)",2026-08-14 09:21:40 UTC
Tx hash: 67231a4e0f40e740f43d246ac678d1d9fc9a6dcba4bedbae2d898fec9a3b6b60,"GCXETWIWDRLPZ5J6OW5TFBASIBMWGSJIIUUWGOLKARZKLSULSNK4435G invoked contract CCLQR3746SFXSBZT7MX7D7C2BEJ5TFGC5VBSFVJBF75B5MHDK7AH54IO deny_milestone(GCXETWIWDRLPZ5J6OW5TFBASIBMWGSJIIUUWGOLKARZKLSULSNK4435G, 1u32, ""test denial""str)",2026-08-14 09:21:05 UTC
Tx hash: 3febfd41a5dd0bc9e80c2203de3e635e0777cd4c94bc832148c0354885323d23,"GCXETWIWDRLPZ5J6OW5TFBASIBMWGSJIIUUWGOLKARZKLSULSNK4435G invoked contract CCLQR3746SFXSBZT7MX7D7C2BEJ5TFGC5VBSFVJBF75B5MHDK7AH54IO approve_milestone(GCXETWIWDRLPZ5J6OW5TFBASIBMWGSJIIUUWGOLKARZKLSULSNK4435G, 2u32)",2026-08-14 09:20:24 UTC
Tx hash: 98ab9b6711041793fd31302ace415ec387d91197fe52c13caea64b841e8e3528,GC2KQGTLGI6MS7NDH54PXQPPQXLEXXVHZZH2BMWHW4FYU7M34CY327AJ invoked contract CCLQR3746SFXSBZT7MX7D7C2BEJ5TFGC5VBSFVJBF75B5MHDK7AH54IO submit_work(2u32),2026-08-14 09:19:49 UTC
Tx hash: efdc4cb29aef98433e9a1a9f9e7c5aa430f5b817d320919991089cdeaf07e902,GC2KQGTLGI6MS7NDH54PXQPPQXLEXXVHZZH2BMWHW4FYU7M34CY327AJ invoked contract CCLQR3746SFXSBZT7MX7D7C2BEJ5TFGC5VBSFVJBF75B5MHDK7AH54IO submit_work(1u32),2026-08-14 09:19:34 UTC
Tx hash: 82b0207f10f95d69fb3f6ab19a75da5349ea9aff758044a178851a0a55258ea4,"GBTXNMTZFZS22T6BAOWGP4S2FUUEDZMNFSR6CXEYFTCNTMNJRXMJWXAV invoked contract CCLQR3746SFXSBZT7MX7D7C2BEJ5TFGC5VBSFVJBF75B5MHDK7AH54IO approve_milestone(GBTXNMTZFZS22T6BAOWGP4S2FUUEDZMNFSR6CXEYFTCNTMNJRXMJWXAV, 2u32)",2026-08-14 09:17:44 UTC
Tx hash: f2417e4697a35b63768ef194b799d50bea1fd60078ece08053cf947b1da52d42,"GBTXNMTZFZS22T6BAOWGP4S2FUUEDZMNFSR6CXEYFTCNTMNJRXMJWXAV invoked contract CCLQR3746SFXSBZT7MX7D7C2BEJ5TFGC5VBSFVJBF75B5MHDK7AH54IO create_escrow(GBTXNMTZFZS22T6BAOWGP4S2FUUEDZMNFSR6CXEYFTCNTMNJRXMJWXAV, GC2KQGTLGI6MS7NDH54PXQPPQXLEXXVHZZH2BMWHW4FYU7M34CY327AJ, GDZKRU67LZFVPEUXSIHLY72LH6MNSOXNBOBPG3LEUY2NXZKYL3TG5XSU, GCXETWIWDRLPZ5J6OW5TFBASIBMWGSJIIUUWGOLKARZKLSULSNK4435G, CDLZFC3SYJYDZT7K67VZ75HPJVIEUVNIXF47ZG2FB2RMQQVU2HHGCYSC, 60000000000i128, 1787303834u64, [{""amount""sym: 25000000000i128, ""auto_released_amount""sym: 0i128, ""denial_reason""sym: """"str, ""description""sym: ""DevOps""str, ""id""sym: 1u32, ""is_completed""sym: falsebool, ""is_denied""sym: falsebool, ""is_submitted""sym: falsebool, ""submitted_at""sym: 0u64, ""votes""sym: []}, {""amount""sym: 35000000000i128, ""auto_released_amount""sym: 0i128, ""denial_reason""sym: """"str, ""description""sym: ""MLOps""str, ""id""sym: 2u32, ""is_completed""sym: falsebool, ""is_denied""sym: falsebool, ""is_submitted""sym: falsebool, ""submitted_at""sym: 0u64, ""votes""sym: []}])",2026-08-14 09:17:29 UTC
Tx hash: 4d7c718809ecdea54d0bae051085685229ca2e55014eae634ecc41eeddd2de5f,"GCJMACB6Y5AZ3MBHEBY62UNHPNXRCOWFNXTL7CKWPKAKVASK6WYEDGP3 invoked contract CCLQR3746SFXSBZT7MX7D7C2BEJ5TFGC5VBSFVJBF75B5MHDK7AH54IO approve_milestone(GCJMACB6Y5AZ3MBHEBY62UNHPNXRCOWFNXTL7CKWPKAKVASK6WYEDGP3, 1u32)",2026-08-14 09:14:29 UTC
Tx hash: efd642be53f293740dbacbf47ac9fd6442df2769ff4f0ed808956712993e205c,"GAPQDT3XDGNJXLD4AQSLR2T7HCB4FJS2GWSOAI2ZYXRZCPPMQIFLORFK invoked contract CCLQR3746SFXSBZT7MX7D7C2BEJ5TFGC5VBSFVJBF75B5MHDK7AH54IO approve_milestone(GAPQDT3XDGNJXLD4AQSLR2T7HCB4FJS2GWSOAI2ZYXRZCPPMQIFLORFK, 1u32)",2026-08-14 09:13:54 UTC
Tx hash: f373f50945b7384826b1b70d0bb3379594ae2e83fa9ea82018a617fb9da13174,GDFBN6DPSYIHQGELLS77H2NJPHYBKD4TRZHY2YGSNAGVGMFXHGPQ4XMI invoked contract CCLQR3746SFXSBZT7MX7D7C2BEJ5TFGC5VBSFVJBF75B5MHDK7AH54IO submit_work(1u32),2026-08-14 09:13:19 UTC
Tx hash: 014905df28a5f193013977bf234beb223c9e86d272d7a8c8cd7ce91b465b9f00,"GDTHJUHIARTGCD24WFAFRXQPW3ICEI3WR2CPE67QT5MNW6RGP3OFR5UC invoked contract CCLQR3746SFXSBZT7MX7D7C2BEJ5TFGC5VBSFVJBF75B5MHDK7AH54IO create_escrow(GDTHJUHIARTGCD24WFAFRXQPW3ICEI3WR2CPE67QT5MNW6RGP3OFR5UC, GDFBN6DPSYIHQGELLS77H2NJPHYBKD4TRZHY2YGSNAGVGMFXHGPQ4XMI, GCJMACB6Y5AZ3MBHEBY62UNHPNXRCOWFNXTL7CKWPKAKVASK6WYEDGP3, GAPQDT3XDGNJXLD4AQSLR2T7HCB4FJS2GWSOAI2ZYXRZCPPMQIFLORFK, CDLZFC3SYJYDZT7K67VZ75HPJVIEUVNIXF47ZG2FB2RMQQVU2HHGCYSC, 50500000000i128, 1787303548u64, [{""amount""sym: 50500000000i128, ""auto_released_amount""sym: 0i128, ""denial_reason""sym: """"str, ""description""sym: ""Initial Project Deliverable""str, ""id""sym: 1u32, ""is_completed""sym: falsebool, ""is_denied""sym: falsebool, ""is_submitted""sym: falsebool, ""submitted_at""sym: 0u64, ""votes""sym: []}])",2026-08-14 09:12:34 UTC
Tx hash: e5c996fbd2ae47ca2481a96a165eb4e3a129d5799357a268d2e99e69170664fb,"GDVQEU3CLXFHEPF5S6KNYETABDLCPB7JREPQF622OLDKDD2EAMDJM2AR invoked contract CCLQR3746SFXSBZT7MX7D7C2BEJ5TFGC5VBSFVJBF75B5MHDK7AH54IO approve_milestone(GDVQEU3CLXFHEPF5S6KNYETABDLCPB7JREPQF622OLDKDD2EAMDJM2AR, 1u32)",2026-08-14 08:59:42 UTC
Tx hash: 190abfabe0a3d13800926b60d48f9072f8c04fa496df19d0b93612dcfc149179,"GDQSEQVOLCNQQHURAS5LZIT36UMDAVBQQJHJJ3WK43WRXAZV3OMSGQDI invoked contract CCLQR3746SFXSBZT7MX7D7C2BEJ5TFGC5VBSFVJBF75B5MHDK7AH54IO approve_milestone(GDQSEQVOLCNQQHURAS5LZIT36UMDAVBQQJHJJ3WK43WRXAZV3OMSGQDI, 1u32)",2026-08-14 08:59:07 UTC
Tx hash: d17a9a02d73e668ff676c758fa7782e31a161b7315cd472754deb122ab29ae99,"GBBI3KLZ3MWC6LIZIP5WTSGJ3ZITDK77NA4CNTKRDYHYKNY2I2FSFFJ5 invoked contract CCLQR3746SFXSBZT7MX7D7C2BEJ5TFGC5VBSFVJBF75B5MHDK7AH54IO approve_milestone(GBBI3KLZ3MWC6LIZIP5WTSGJ3ZITDK77NA4CNTKRDYHYKNY2I2FSFFJ5, 2u32)",2026-08-14 08:58:02 UTC
Tx hash: eb9bf294f968a5f6c71318ad3ef1c22d153ae8524ca5d0b3eabdedd6dc9805d6,GCCGXJX7FXG3LTHHXFUIT2NEBCLTJ5XM7V7BVWXQNNC5CGFEVDEIP763 invoked contract CCLQR3746SFXSBZT7MX7D7C2BEJ5TFGC5VBSFVJBF75B5MHDK7AH54IO submit_work(2u32),2026-08-14 08:57:17 UTC
Tx hash: 140a4930f8fee0947e0175995877f5ac6834b4fa43fbf769d5b33201124c393a,GCCGXJX7FXG3LTHHXFUIT2NEBCLTJ5XM7V7BVWXQNNC5CGFEVDEIP763 invoked contract CCLQR3746SFXSBZT7MX7D7C2BEJ5TFGC5VBSFVJBF75B5MHDK7AH54IO submit_work(1u32),2026-08-14 08:57:02 UTC
Tx hash: d77ce7ea535c7cfb7e3d2054f8b0af6cc1d9c6752720b24985c6db5b73af204b,"GBBI3KLZ3MWC6LIZIP5WTSGJ3ZITDK77NA4CNTKRDYHYKNY2I2FSFFJ5 invoked contract CCLQR3746SFXSBZT7MX7D7C2BEJ5TFGC5VBSFVJBF75B5MHDK7AH54IO approve_milestone(GBBI3KLZ3MWC6LIZIP5WTSGJ3ZITDK77NA4CNTKRDYHYKNY2I2FSFFJ5, 3u32)",2026-08-14 08:56:32 UTC
Tx hash: 1f15db6216d2317062b081e6ebb8967f43e54db18ac38eef433ebddf7974d8bf,"GDQSEQVOLCNQQHURAS5LZIT36UMDAVBQQJHJJ3WK43WRXAZV3OMSGQDI invoked contract CCLQR3746SFXSBZT7MX7D7C2BEJ5TFGC5VBSFVJBF75B5MHDK7AH54IO approve_milestone(GDQSEQVOLCNQQHURAS5LZIT36UMDAVBQQJHJJ3WK43WRXAZV3OMSGQDI, 3u32)",2026-08-14 08:55:57 UTC
Tx hash: 2aa9fb588c477956ab9cc16535cbc3fb1ebf3f91295ba97e529d70c98b2ff62b,"GDQSEQVOLCNQQHURAS5LZIT36UMDAVBQQJHJJ3WK43WRXAZV3OMSGQDI invoked contract CCLQR3746SFXSBZT7MX7D7C2BEJ5TFGC5VBSFVJBF75B5MHDK7AH54IO deny_milestone(GDQSEQVOLCNQQHURAS5LZIT36UMDAVBQQJHJJ3WK43WRXAZV3OMSGQDI, 1u32, ""Bug in Program, Revision Needed""str)",2026-08-14 08:55:37 UTC
Tx hash: f9b67503200d30bcb339d2cff16bce62249bc5eda6a2ef99bed543d8b2f0184c,GCCGXJX7FXG3LTHHXFUIT2NEBCLTJ5XM7V7BVWXQNNC5CGFEVDEIP763 invoked contract CCLQR3746SFXSBZT7MX7D7C2BEJ5TFGC5VBSFVJBF75B5MHDK7AH54IO submit_work(3u32),2026-08-14 08:54:17 UTC
Tx hash: ddf5770e6a508623e975b15a826d0f7e6b45467636ec5dd5c0429e5730b4544f,GCCGXJX7FXG3LTHHXFUIT2NEBCLTJ5XM7V7BVWXQNNC5CGFEVDEIP763 invoked contract CCLQR3746SFXSBZT7MX7D7C2BEJ5TFGC5VBSFVJBF75B5MHDK7AH54IO submit_work(1u32),2026-08-14 08:53:57 UTC
Tx hash: 13a5d6c3e490bf08fca5695eb0995282de08d361395a87ab50ee774a39b99f6f,"GDVQEU3CLXFHEPF5S6KNYETABDLCPB7JREPQF622OLDKDD2EAMDJM2AR invoked contract CCLQR3746SFXSBZT7MX7D7C2BEJ5TFGC5VBSFVJBF75B5MHDK7AH54IO create_escrow(GDVQEU3CLXFHEPF5S6KNYETABDLCPB7JREPQF622OLDKDD2EAMDJM2AR, GCCGXJX7FXG3LTHHXFUIT2NEBCLTJ5XM7V7BVWXQNNC5CGFEVDEIP763, GDQSEQVOLCNQQHURAS5LZIT36UMDAVBQQJHJJ3WK43WRXAZV3OMSGQDI, GBBI3KLZ3MWC6LIZIP5WTSGJ3ZITDK77NA4CNTKRDYHYKNY2I2FSFFJ5, CDLZFC3SYJYDZT7K67VZ75HPJVIEUVNIXF47ZG2FB2RMQQVU2HHGCYSC, 90000000000i128, 1787302387u64, [{""amount""sym: 30000000000i128, ""auto_released_amount""sym: 0i128, ""denial_reason""sym: """"str, ""description""sym: ""Coding""str, ""id""sym: 1u32, ""is_completed""sym: falsebool, ""is_denied""sym: falsebool, ""is_submitted""sym: falsebool, ""submitted_at""sym: 0u64, ""votes""sym: []}, {""amount""sym: 30000000000i128, ""auto_released_amount""sym: 0i128, ""denial_reason""sym: """"str, ""description""sym: ""Design""str, ""id""sym: 2u32, ""is_completed""sym: falsebool, ""is_denied""sym: falsebool, ""is_submitted""sym: falsebool, ""submitted_at""sym: 0u64, ""votes""sym: []}, {""amount""sym: 30000000000i128, ""auto_released_amount""sym: 0i128, ""denial_reason""sym: """"str, ""description""sym: ""Development""str, ""id""sym: 3u32, ""is_completed""sym: falsebool, ""is_denied""sym: falsebool, ""is_submitted""sym: falsebool, ""submitted_at""sym: 0u64, ""votes""sym: []}])",2026-08-14 08:53:17 UTC
Tx hash: 31767da992cabbd81d29ee3b2ef3f571eb1cc056d75c6edcb7c5b53b9e00354c,"GCX4EMUBMKTXXGAMECVGU6KMCO6FCB3K5Z75II4JUT5YFT7K5D7JLXKR invoked contract CCLQR3746SFXSBZT7MX7D7C2BEJ5TFGC5VBSFVJBF75B5MHDK7AH54IO approve_milestone(GCX4EMUBMKTXXGAMECVGU6KMCO6FCB3K5Z75II4JUT5YFT7K5D7JLXKR, 1u32)",2026-08-14 08:49:01 UTC
Tx hash: 1e82a70aa72d742addd63fce61e62e833ddafdd5e7ac692b426bfd356e067bc3,"GB7CEGUR7IY3MEWXQHN2DFFLTEGO23L5CCSCMUK7RCT2CYQJNKHFN4LY invoked contract CCLQR3746SFXSBZT7MX7D7C2BEJ5TFGC5VBSFVJBF75B5MHDK7AH54IO approve_milestone(GB7CEGUR7IY3MEWXQHN2DFFLTEGO23L5CCSCMUK7RCT2CYQJNKHFN4LY, 1u32)",2026-08-14 08:48:26 UTC
Tx hash: e7c8cd22753d48af0486f90576e666311587105eb20913780c0aba237e433a8a,GB3GA4J45AVBQ3FT6HYIGZBXR45O2CR6SOOKXBW3FDBMVFLY7OEWWPEG invoked contract CCLQR3746SFXSBZT7MX7D7C2BEJ5TFGC5VBSFVJBF75B5MHDK7AH54IO submit_work(1u32),2026-08-14 08:47:36 UTC
Tx hash: f0262f68a393c91c3df3e24df3061b52c0c2f457a83551232ac933218e6d004e,"GB3FYK2CX3QC2NOHFP3QVE2CX7NCCMLB42WQQXNBWERV2DPSN5KV5RV3 invoked contract CCLQR3746SFXSBZT7MX7D7C2BEJ5TFGC5VBSFVJBF75B5MHDK7AH54IO create_escrow(GB3FYK2CX3QC2NOHFP3QVE2CX7NCCMLB42WQQXNBWERV2DPSN5KV5RV3, GB3GA4J45AVBQ3FT6HYIGZBXR45O2CR6SOOKXBW3FDBMVFLY7OEWWPEG, GCX4EMUBMKTXXGAMECVGU6KMCO6FCB3K5Z75II4JUT5YFT7K5D7JLXKR, GB7CEGUR7IY3MEWXQHN2DFFLTEGO23L5CCSCMUK7RCT2CYQJNKHFN4LY, CDLZFC3SYJYDZT7K67VZ75HPJVIEUVNIXF47ZG2FB2RMQQVU2HHGCYSC, 60000000000i128, 1788770801u64, [{""amount""sym: 60000000000i128, ""auto_released_amount""sym: 0i128, ""denial_reason""sym: """"str, ""description""sym: ""Initial Project Deliverable""str, ""id""sym: 1u32, ""is_completed""sym: falsebool, ""is_denied""sym: falsebool, ""is_submitted""sym: falsebool, ""submitted_at""sym: 0u64, ""votes""sym: []}])",2026-08-14 08:46:51 UTC
Tx hash: a6f75684dc8ff7bd6b6ba36e86587ef23f1178864db8e646f779527624b1b682,"GBXAENQNIG6HKLDLZLWC3DJUGIKRR7WWXVWSRCWVHGKE2PUEBAHFMLDV invoked contract CCLQR3746SFXSBZT7MX7D7C2BEJ5TFGC5VBSFVJBF75B5MHDK7AH54IO approve_milestone(GBXAENQNIG6HKLDLZLWC3DJUGIKRR7WWXVWSRCWVHGKE2PUEBAHFMLDV, 1u32)",2026-08-14 08:45:11 UTC
Tx hash: 9ec503de523b59f9078b3c21c1f59d95b7c4ae05d4541ab9d3da1c8e3139273d,"GCHHQ4QMPNW7VCZKXVNHD5VRCTHQUCCYXCKHUBIJMDCTFVE6CPRERTGL invoked contract CCLQR3746SFXSBZT7MX7D7C2BEJ5TFGC5VBSFVJBF75B5MHDK7AH54IO approve_milestone(GCHHQ4QMPNW7VCZKXVNHD5VRCTHQUCCYXCKHUBIJMDCTFVE6CPRERTGL, 1u32)",2026-08-14 08:44:16 UTC
Tx hash: d61b6aae268060180c8e1e54c2de00a2d3c0b87f5fc1522ff1c7875f24bed32d,GAT4FBJORFXHC2ZORP6POKIY7OS6XKO3IO445IXWMWOAGQMJSPXA4XXU invoked contract CCLQR3746SFXSBZT7MX7D7C2BEJ5TFGC5VBSFVJBF75B5MHDK7AH54IO submit_work(1u32),2026-08-14 08:43:11 UTC
Tx hash: 431da882c291e87931eef975cc091c762e14c3d6ad6834e01b868725011ebe6c,"GBPY7PEWKM4W36VXILLPMQEVC6WXQRZWFYAVMLRPO55PHP4RU2HKPG7J invoked contract CCLQR3746SFXSBZT7MX7D7C2BEJ5TFGC5VBSFVJBF75B5MHDK7AH54IO create_escrow(GBPY7PEWKM4W36VXILLPMQEVC6WXQRZWFYAVMLRPO55PHP4RU2HKPG7J, GAT4FBJORFXHC2ZORP6POKIY7OS6XKO3IO445IXWMWOAGQMJSPXA4XXU, GBXAENQNIG6HKLDLZLWC3DJUGIKRR7WWXVWSRCWVHGKE2PUEBAHFMLDV, GCHHQ4QMPNW7VCZKXVNHD5VRCTHQUCCYXCKHUBIJMDCTFVE6CPRERTGL, CDLZFC3SYJYDZT7K67VZ75HPJVIEUVNIXF47ZG2FB2RMQQVU2HHGCYSC, 50010000000i128, 1787301724u64, [{""amount""sym: 50010000000i128, ""auto_released_amount""sym: 0i128, ""denial_reason""sym: """"str, ""description""sym: ""Project ""str, ""id""sym: 1u32, ""is_completed""sym: falsebool, ""is_denied""sym: falsebool, ""is_submitted""sym: falsebool, ""submitted_at""sym: 0u64, ""votes""sym: []}])",2026-08-14 08:42:15 UTC
Tx hash: 31c4b11161427ff6fcaf6705823743b75a526f36a6ca92f9a54cfe77056322d0,"GCBXV4NEQJ6ABWM26NHRT2YUPATZ4YCPMXPE2XXPYYJANOFUNQJTEN7R invoked contract CCLQR3746SFXSBZT7MX7D7C2BEJ5TFGC5VBSFVJBF75B5MHDK7AH54IO approve_milestone(GCBXV4NEQJ6ABWM26NHRT2YUPATZ4YCPMXPE2XXPYYJANOFUNQJTEN7R, 1u32)",2026-08-14 08:08:57 UTC
Tx hash: b3d65afdcf3b3ca8df13a722f879e29049ae1116c4f80593b281737f9f9771de,"GC3HFEAFXXGET2CKEXXXYQHBBW3FK6EDMPYLWXM22VBJJGB5EPDIZNEP invoked contract CCLQR3746SFXSBZT7MX7D7C2BEJ5TFGC5VBSFVJBF75B5MHDK7AH54IO deny_milestone(GC3HFEAFXXGET2CKEXXXYQHBBW3FK6EDMPYLWXM22VBJJGB5EPDIZNEP, 1u32, ""test check""str)",2026-08-14 08:08:12 UTC
Tx hash: b7ba6ca3c6a0b9548cf3568cac59a4f9980b36961c5c07cbd66f2e5624472b18,"GC3HFEAFXXGET2CKEXXXYQHBBW3FK6EDMPYLWXM22VBJJGB5EPDIZNEP invoked contract CCLQR3746SFXSBZT7MX7D7C2BEJ5TFGC5VBSFVJBF75B5MHDK7AH54IO approve_milestone(GC3HFEAFXXGET2CKEXXXYQHBBW3FK6EDMPYLWXM22VBJJGB5EPDIZNEP, 1u32)",2026-08-14 08:07:42 UTC
Tx hash: 569f0cc09da7294ae7b59f73452b15f040515667f5a373d102167b630939973a,GBGC6ESN5VDDVZWKZHCY6ME4YR4WKZFOVHB4QTGRYORFT4XTNAKKKBYN invoked contract CCLQR3746SFXSBZT7MX7D7C2BEJ5TFGC5VBSFVJBF75B5MHDK7AH54IO submit_work(1u32),2026-08-14 08:06:57 UTC
Tx hash: 7013cce3ea690d732a2962171ee5a2f662f3d6ff7dd3cced3ff0f6aa1abfccac,"GBL7U7DE3SW2YS325GJQTTNPRV3IKFOAEXXOCI7T3MTD7R3VVUEKHXFN invoked contract CCLQR3746SFXSBZT7MX7D7C2BEJ5TFGC5VBSFVJBF75B5MHDK7AH54IO create_escrow(GBL7U7DE3SW2YS325GJQTTNPRV3IKFOAEXXOCI7T3MTD7R3VVUEKHXFN, GBGC6ESN5VDDVZWKZHCY6ME4YR4WKZFOVHB4QTGRYORFT4XTNAKKKBYN, GC3HFEAFXXGET2CKEXXXYQHBBW3FK6EDMPYLWXM22VBJJGB5EPDIZNEP, GCBXV4NEQJ6ABWM26NHRT2YUPATZ4YCPMXPE2XXPYYJANOFUNQJTEN7R, CDLZFC3SYJYDZT7K67VZ75HPJVIEUVNIXF47ZG2FB2RMQQVU2HHGCYSC, 55000000000i128, 1787299556u64, [{""amount""sym: 55000000000i128, ""auto_released_amount""sym: 0i128, ""denial_reason""sym: """"str, ""description""sym: ""Initial Project Deliverable""str, ""id""sym: 1u32, ""is_completed""sym: falsebool, ""is_denied""sym: falsebool, ""is_submitted""sym: falsebool, ""submitted_at""sym: 0u64, ""votes""sym: []}])",2026-08-14 08:06:02 UTC
Tx hash: bbdc6296256ed525bc6c13f275d9332ec94c18b90860163c69655b443e271803,"GBLGOPNX73PXKTJK5VFQAFSFGVXSDEP5QFLGJWYIZ6H2EWOIGUZO7LZJ invoked contract CCLQR3746SFXSBZT7MX7D7C2BEJ5TFGC5VBSFVJBF75B5MHDK7AH54IO approve_milestone(GBLGOPNX73PXKTJK5VFQAFSFGVXSDEP5QFLGJWYIZ6H2EWOIGUZO7LZJ, 1u32)",2026-08-14 08:04:22 UTC
Tx hash: 97cdb5ae1e7dfb5051b98646968286765f56d85ea529f699d14834762b72a130,"GBLGOPNX73PXKTJK5VFQAFSFGVXSDEP5QFLGJWYIZ6H2EWOIGUZO7LZJ invoked contract CCLQR3746SFXSBZT7MX7D7C2BEJ5TFGC5VBSFVJBF75B5MHDK7AH54IO approve_milestone(GBLGOPNX73PXKTJK5VFQAFSFGVXSDEP5QFLGJWYIZ6H2EWOIGUZO7LZJ, 2u32)",2026-08-14 08:04:07 UTC
Tx hash: 56460263a760705115b94c4c13229c4724a2c155ff7fa1da40d77c8cee97eca1,"GCBNU7M2UKOWAATPSR75GAWLAGHV2MWLPLQ67WO67V2ZNXPIFBH7L62U invoked contract CCLQR3746SFXSBZT7MX7D7C2BEJ5TFGC5VBSFVJBF75B5MHDK7AH54IO approve_milestone(GCBNU7M2UKOWAATPSR75GAWLAGHV2MWLPLQ67WO67V2ZNXPIFBH7L62U, 2u32)",2026-08-14 08:02:47 UTC
Tx hash: 774591abfebf73b48098784936661ac637a3a10f81bd002fa776f9c2b7857333,"GCBNU7M2UKOWAATPSR75GAWLAGHV2MWLPLQ67WO67V2ZNXPIFBH7L62U invoked contract CCLQR3746SFXSBZT7MX7D7C2BEJ5TFGC5VBSFVJBF75B5MHDK7AH54IO deny_milestone(GCBNU7M2UKOWAATPSR75GAWLAGHV2MWLPLQ67WO67V2ZNXPIFBH7L62U, 1u32, ""Bug in provided Project""str)",2026-08-14 08:02:27 UTC
Tx hash: 7f301a5bf5be56887e1c55875b5c9c50d3b07cbe40f006dd3b70f38f98be4fb8,GBFD5MLBQNYQOEXW7MBCIIG5ZLOVZJMI5V5OIMGWMD2IIHXVIUXTUFQX invoked contract CCLQR3746SFXSBZT7MX7D7C2BEJ5TFGC5VBSFVJBF75B5MHDK7AH54IO submit_work(1u32),2026-08-14 08:01:26 UTC
Tx hash: c59324c242405c29352551d287d9e83628686cd43e9e73450333eafd3e3b1f1e,GBFD5MLBQNYQOEXW7MBCIIG5ZLOVZJMI5V5OIMGWMD2IIHXVIUXTUFQX invoked contract CCLQR3746SFXSBZT7MX7D7C2BEJ5TFGC5VBSFVJBF75B5MHDK7AH54IO submit_work(2u32),2026-08-14 08:01:06 UTC
Tx hash: 984555cf672c532fc4819e7c80f28d51166f9e967184d7f4f4883d770223b3dd,"GDOFPR5FWKDVYGT7UKJDCCN47FA367A6KG2OMPL2ZMCCH65MLKG566HL invoked contract CCLQR3746SFXSBZT7MX7D7C2BEJ5TFGC5VBSFVJBF75B5MHDK7AH54IO create_escrow(GDOFPR5FWKDVYGT7UKJDCCN47FA367A6KG2OMPL2ZMCCH65MLKG566HL, GBFD5MLBQNYQOEXW7MBCIIG5ZLOVZJMI5V5OIMGWMD2IIHXVIUXTUFQX, GCBNU7M2UKOWAATPSR75GAWLAGHV2MWLPLQ67WO67V2ZNXPIFBH7L62U, GBLGOPNX73PXKTJK5VFQAFSFGVXSDEP5QFLGJWYIZ6H2EWOIGUZO7LZJ, CDLZFC3SYJYDZT7K67VZ75HPJVIEUVNIXF47ZG2FB2RMQQVU2HHGCYSC, 75000000000i128, 1787299194u64, [{""amount""sym: 35000000000i128, ""auto_released_amount""sym: 0i128, ""denial_reason""sym: """"str, ""description""sym: ""Initial Project Deliverable""str, ""id""sym: 1u32, ""is_completed""sym: falsebool, ""is_denied""sym: falsebool, ""is_submitted""sym: falsebool, ""submitted_at""sym: 0u64, ""votes""sym: []}, {""amount""sym: 40000000000i128, ""auto_released_amount""sym: 0i128, ""denial_reason""sym: """"str, ""description""sym: ""Second Project Deliverable""str, ""id""sym: 2u32, ""is_completed""sym: falsebool, ""is_denied""sym: falsebool, ""is_submitted""sym: falsebool, ""submitted_at""sym: 0u64, ""votes""sym: []}])",2026-08-14 08:00:01 UTC
Tx hash: 413d5f2de45aaa4a13957302fcef106082a6c028048c0780922dcb6737edab76,"GDKCOYVSPU5YLQ5HZX2W2WJ6EHRJMIBDCOWHH3JUNGTLA4YVRDWLEMY5 invoked contract CCLQR3746SFXSBZT7MX7D7C2BEJ5TFGC5VBSFVJBF75B5MHDK7AH54IO approve_milestone(GDKCOYVSPU5YLQ5HZX2W2WJ6EHRJMIBDCOWHH3JUNGTLA4YVRDWLEMY5, 1u32)",2026-08-14 07:56:56 UTC
Tx hash: f2d39f91b9b65401ecb7b8faf5f6d0cb846c392f5986de5c5a3a986dabcf3d91,GBSDC5TWKBFUU3YLHVZSCFTO24WTH4MHEDKDBVNP46TLNXKPWYKNXPCD invoked contract CCLQR3746SFXSBZT7MX7D7C2BEJ5TFGC5VBSFVJBF75B5MHDK7AH54IO submit_work(1u32),2026-08-14 07:56:26 UTC
Tx hash: f42039dbc795db276f66ce55c6ad02d13c61811aa5c8cf31454b5706427caf34,"GDKCOYVSPU5YLQ5HZX2W2WJ6EHRJMIBDCOWHH3JUNGTLA4YVRDWLEMY5 invoked contract CCLQR3746SFXSBZT7MX7D7C2BEJ5TFGC5VBSFVJBF75B5MHDK7AH54IO create_escrow(GDKCOYVSPU5YLQ5HZX2W2WJ6EHRJMIBDCOWHH3JUNGTLA4YVRDWLEMY5, GBSDC5TWKBFUU3YLHVZSCFTO24WTH4MHEDKDBVNP46TLNXKPWYKNXPCD, (), (), CDLZFC3SYJYDZT7K67VZ75HPJVIEUVNIXF47ZG2FB2RMQQVU2HHGCYSC, 11110000000i128, 1787298943u64, [{""amount""sym: 11110000000i128, ""auto_released_amount""sym: 0i128, ""denial_reason""sym: """"str, ""description""sym: ""Testing Agency""str, ""id""sym: 1u32, ""is_completed""sym: falsebool, ""is_denied""sym: falsebool, ""is_submitted""sym: falsebool, ""submitted_at""sym: 0u64, ""votes""sym: []}])",2026-08-14 07:55:51 UTC
Tx hash: 7da1f81406295c93de01a30e2470425c57f1eea5de7ac4e89e00a9aa24de075d,"GC6X6MZFKPWJEIA2244BAEQMWOYF3456IEWBYYJVIQKOAYDWBX7V36DV invoked contract CCLQR3746SFXSBZT7MX7D7C2BEJ5TFGC5VBSFVJBF75B5MHDK7AH54IO approve_milestone(GC6X6MZFKPWJEIA2244BAEQMWOYF3456IEWBYYJVIQKOAYDWBX7V36DV, 1u32)",2026-08-14 07:53:21 UTC
Tx hash: 6b094e77bce7d065a4381ba76786c8bb5086ecefdc20ed64d520752170c2222a,"GB4VV5XVGRCR64FKBMNSX7P6UGQLRQ37MC7VPMJCPDW5VUNTGYS5VS2P invoked contract CCLQR3746SFXSBZT7MX7D7C2BEJ5TFGC5VBSFVJBF75B5MHDK7AH54IO approve_milestone(GB4VV5XVGRCR64FKBMNSX7P6UGQLRQ37MC7VPMJCPDW5VUNTGYS5VS2P, 1u32)",2026-08-14 07:52:06 UTC
Tx hash: 265184502fbc63b97311c9e4af66c10b2e7fa710d9a86d39c0864b576b9bafb8,GB4VV5XVGRCR64FKBMNSX7P6UGQLRQ37MC7VPMJCPDW5VUNTGYS5VS2P invoked contract CCLQR3746SFXSBZT7MX7D7C2BEJ5TFGC5VBSFVJBF75B5MHDK7AH54IO submit_work(1u32),2026-08-14 07:51:25 UTC
Tx hash: 65a5642341a3b09f480a1bd187d444f8a3fb58ef1258109369e206e9709716bb,"GBPHAMVCD5OPC2JUYY6MT6HOJU6NDMDIV5NB533JUDSDNG4VROF5YCRG invoked contract CCLQR3746SFXSBZT7MX7D7C2BEJ5TFGC5VBSFVJBF75B5MHDK7AH54IO create_escrow(GBPHAMVCD5OPC2JUYY6MT6HOJU6NDMDIV5NB533JUDSDNG4VROF5YCRG, GB4VV5XVGRCR64FKBMNSX7P6UGQLRQ37MC7VPMJCPDW5VUNTGYS5VS2P, GB4VV5XVGRCR64FKBMNSX7P6UGQLRQ37MC7VPMJCPDW5VUNTGYS5VS2P, GC6X6MZFKPWJEIA2244BAEQMWOYF3456IEWBYYJVIQKOAYDWBX7V36DV, CDLZFC3SYJYDZT7K67VZ75HPJVIEUVNIXF47ZG2FB2RMQQVU2HHGCYSC, 55550000000i128, 1787730621u64, [{""amount""sym: 55550000000i128, ""auto_released_amount""sym: 0i128, ""denial_reason""sym: """"str, ""description""sym: ""Single project""str, ""id""sym: 1u32, ""is_completed""sym: falsebool, ""is_denied""sym: falsebool, ""is_submitted""sym: falsebool, ""submitted_at""sym: 0u64, ""votes""sym: []}])",2026-08-14 07:50:30 UTC
Tx hash: 19b41f4e02a6e0522c25039bd84fe9ea68e7019268901fbc338e23e0fd1c355e,"GB6XOFP36VUT5OTXMGT6NPS2TTLKCASMWW46UY7S7JOLM3CIPY3XLM43 invoked contract CCLQR3746SFXSBZT7MX7D7C2BEJ5TFGC5VBSFVJBF75B5MHDK7AH54IO approve_milestone(GB6XOFP36VUT5OTXMGT6NPS2TTLKCASMWW46UY7S7JOLM3CIPY3XLM43, 2u32)",2026-08-14 07:36:24 UTC
Tx hash: 54b2e5f198ea5673677f2f99966b39d9762f37699dc0441373ea5348094b2bef,"GCYDS3QKY4MGPNWMSAQJIYVLVA5BTFQGVO5UFWLQYAQHQZHHFCDNAMWB invoked contract CCLQR3746SFXSBZT7MX7D7C2BEJ5TFGC5VBSFVJBF75B5MHDK7AH54IO approve_milestone(GCYDS3QKY4MGPNWMSAQJIYVLVA5BTFQGVO5UFWLQYAQHQZHHFCDNAMWB, 1u32)",2026-08-14 07:35:54 UTC
Tx hash: a84bc21191fb224595cd70f871babebd5d3f7a5e104f78617c88f89e7db5c9b1,"GCYDS3QKY4MGPNWMSAQJIYVLVA5BTFQGVO5UFWLQYAQHQZHHFCDNAMWB invoked contract CCLQR3746SFXSBZT7MX7D7C2BEJ5TFGC5VBSFVJBF75B5MHDK7AH54IO approve_milestone(GCYDS3QKY4MGPNWMSAQJIYVLVA5BTFQGVO5UFWLQYAQHQZHHFCDNAMWB, 2u32)",2026-08-14 07:35:39 UTC
Tx hash: fb9da9922da6ff3b5ec28ff25a7cdaae68c47d4ce69b00c9b51cc0598815f56a,"GCIZJS3S6NYFNE3ZFRNLQPFBRMOBHW5AFDNBQAWCI6HUUFKPP65H5MJV invoked contract CCLQR3746SFXSBZT7MX7D7C2BEJ5TFGC5VBSFVJBF75B5MHDK7AH54IO deny_milestone(GCIZJS3S6NYFNE3ZFRNLQPFBRMOBHW5AFDNBQAWCI6HUUFKPP65H5MJV, 2u32, ""Test""str)",2026-08-14 07:34:59 UTC
Tx hash: a6f158652c11cfebdb5dbf62c1df9b3ebc4293c6c7165e3d926b880735111ced,"GCIZJS3S6NYFNE3ZFRNLQPFBRMOBHW5AFDNBQAWCI6HUUFKPP65H5MJV invoked contract CCLQR3746SFXSBZT7MX7D7C2BEJ5TFGC5VBSFVJBF75B5MHDK7AH54IO approve_milestone(GCIZJS3S6NYFNE3ZFRNLQPFBRMOBHW5AFDNBQAWCI6HUUFKPP65H5MJV, 1u32)",2026-08-14 07:34:34 UTC
Tx hash: 1937fab9e568f6d91b1fae123676e8dde63e3ea91cbc312ad0994890f6a4703e,GBKUURPGNFSY5VGMPP7HQFQW2COOWSGHP5UWDYTVOJ3F2ISVLY2PUHRU invoked contract CCLQR3746SFXSBZT7MX7D7C2BEJ5TFGC5VBSFVJBF75B5MHDK7AH54IO submit_work(2u32),2026-08-14 07:33:44 UTC
Tx hash: 244c6a85ef4b0a4a7ebb8d1fdc8fa18e2de01425e0f0afc1c045976fc78c3ab3,GBKUURPGNFSY5VGMPP7HQFQW2COOWSGHP5UWDYTVOJ3F2ISVLY2PUHRU invoked contract CCLQR3746SFXSBZT7MX7D7C2BEJ5TFGC5VBSFVJBF75B5MHDK7AH54IO submit_work(1u32),2026-08-14 07:33:04 UTC
Tx hash: 562f9bf93ce146e76cfa74a7e3d864948a893ddfaa2f32e650b5aeeda73a142d,"GB6XOFP36VUT5OTXMGT6NPS2TTLKCASMWW46UY7S7JOLM3CIPY3XLM43 invoked contract CCLQR3746SFXSBZT7MX7D7C2BEJ5TFGC5VBSFVJBF75B5MHDK7AH54IO create_escrow(GB6XOFP36VUT5OTXMGT6NPS2TTLKCASMWW46UY7S7JOLM3CIPY3XLM43, GBKUURPGNFSY5VGMPP7HQFQW2COOWSGHP5UWDYTVOJ3F2ISVLY2PUHRU, GCYDS3QKY4MGPNWMSAQJIYVLVA5BTFQGVO5UFWLQYAQHQZHHFCDNAMWB, GCIZJS3S6NYFNE3ZFRNLQPFBRMOBHW5AFDNBQAWCI6HUUFKPP65H5MJV, CDLZFC3SYJYDZT7K67VZ75HPJVIEUVNIXF47ZG2FB2RMQQVU2HHGCYSC, 60000000000i128, 1787297523u64, [{""amount""sym: 40000000000i128, ""auto_released_amount""sym: 0i128, ""denial_reason""sym: """"str, ""description""sym: ""Coding""str, ""id""sym: 1u32, ""is_completed""sym: falsebool, ""is_denied""sym: falsebool, ""is_submitted""sym: falsebool, ""submitted_at""sym: 0u64, ""votes""sym: []}, {""amount""sym: 20000000000i128, ""auto_released_amount""sym: 0i128, ""denial_reason""sym: """"str, ""description""sym: ""Development""str, ""id""sym: 2u32, ""is_completed""sym: falsebool, ""is_denied""sym: falsebool, ""is_submitted""sym: falsebool, ""submitted_at""sym: 0u64, ""votes""sym: []}])",2026-08-14 07:32:14 UTC
Tx hash: a56cc8197e006f200c45ad339a36b8e071b3a4fe3206425b0770707ab8dfe41b,"GAMD6JQI5BLRAFSD442TVX3HVEDT63R4ADTBSNRH3R36ZVGDV5VMLKNS invoked contract CCLQR3746SFXSBZT7MX7D7C2BEJ5TFGC5VBSFVJBF75B5MHDK7AH54IO approve_milestone(GAMD6JQI5BLRAFSD442TVX3HVEDT63R4ADTBSNRH3R36ZVGDV5VMLKNS, 1u32)",2026-08-14 07:28:38 UTC
Tx hash: 0593efd9942370b138748b75443d12c278e57d9c14c5ff1bcdf6d020e24fb23d,"GC2OK3OSV4FZ65II6BYMD7F3JIBABVPPSOJ6VUFBJJO7C6BZUZECKUPS invoked contract CCLQR3746SFXSBZT7MX7D7C2BEJ5TFGC5VBSFVJBF75B5MHDK7AH54IO approve_milestone(GC2OK3OSV4FZ65II6BYMD7F3JIBABVPPSOJ6VUFBJJO7C6BZUZECKUPS, 1u32)",2026-08-14 07:27:58 UTC
Tx hash: 64bc1cb26305e1dc1248061d39babf8310d57f4ec05e4d5ae5f431e246570659,GADIYW64GWPUAZW23DQBFRTG2W7OXIGQE7IX3NILXGHJXPO3MWSNKO7U invoked contract CCLQR3746SFXSBZT7MX7D7C2BEJ5TFGC5VBSFVJBF75B5MHDK7AH54IO submit_work(1u32),2026-08-14 07:27:18 UTC
Tx hash: a5507da6b41c40c5c5c98621e64e4cc4293172dab6a7b8f1752e817e53a5c657,"GAMD6JQI5BLRAFSD442TVX3HVEDT63R4ADTBSNRH3R36ZVGDV5VMLKNS invoked contract CCLQR3746SFXSBZT7MX7D7C2BEJ5TFGC5VBSFVJBF75B5MHDK7AH54IO deny_milestone(GAMD6JQI5BLRAFSD442TVX3HVEDT63R4ADTBSNRH3R36ZVGDV5VMLKNS, 1u32, ""Bug Detected""str)",2026-08-14 07:26:33 UTC
Tx hash: 5f808c4e90bd9b0458c1f6151fc018269a646f899ba76614944b64c8bf0280a1,GADIYW64GWPUAZW23DQBFRTG2W7OXIGQE7IX3NILXGHJXPO3MWSNKO7U invoked contract CCLQR3746SFXSBZT7MX7D7C2BEJ5TFGC5VBSFVJBF75B5MHDK7AH54IO submit_work(1u32),2026-08-14 07:25:18 UTC
Tx hash: f9a5c50527c86d30a208e2b849a91099343f7f1846343e8f78c6d1b328bb0d4b,"GDQORVWBIYZLCHOZRAIBMIV5YSE2BKKQLPGPFLHPZQAK6HEDUPXLTIZE invoked contract CCLQR3746SFXSBZT7MX7D7C2BEJ5TFGC5VBSFVJBF75B5MHDK7AH54IO create_escrow(GDQORVWBIYZLCHOZRAIBMIV5YSE2BKKQLPGPFLHPZQAK6HEDUPXLTIZE, GADIYW64GWPUAZW23DQBFRTG2W7OXIGQE7IX3NILXGHJXPO3MWSNKO7U, GC2OK3OSV4FZ65II6BYMD7F3JIBABVPPSOJ6VUFBJJO7C6BZUZECKUPS, GAMD6JQI5BLRAFSD442TVX3HVEDT63R4ADTBSNRH3R36ZVGDV5VMLKNS, CDLZFC3SYJYDZT7K67VZ75HPJVIEUVNIXF47ZG2FB2RMQQVU2HHGCYSC, 70000000000i128, 1787297065u64, [{""amount""sym: 70000000000i128, ""auto_released_amount""sym: 0i128, ""denial_reason""sym: """"str, ""description""sym: ""Development""str, ""id""sym: 1u32, ""is_completed""sym: falsebool, ""is_denied""sym: falsebool, ""is_submitted""sym: falsebool, ""submitted_at""sym: 0u64, ""votes""sym: []}])",2026-08-14 07:24:33 UTC
Tx hash: 5b32cdd5aa7559e5c631cd8f1604ca6c4bd637814879c81baa7f896337d3b274,"GD7GFL4UHWBWSQ2EK5MGE376EWVJLDMG6733RJ2QETJO5HPRNVDSDCYM invoked contract CCLQR3746SFXSBZT7MX7D7C2BEJ5TFGC5VBSFVJBF75B5MHDK7AH54IO approve_milestone(GD7GFL4UHWBWSQ2EK5MGE376EWVJLDMG6733RJ2QETJO5HPRNVDSDCYM, 1u32)",2026-08-14 04:44:23 UTC
Tx hash: ff5a0bd05418fae7382585c51b9585801b5530a620fbc9c8e6eb3b43ff91cf49,"GCSRZIIAU5MSO6FIHYV42EUCQFJDSV4CXU4PCTEGXYV25OL7WJ5LWKZE invoked contract CCLQR3746SFXSBZT7MX7D7C2BEJ5TFGC5VBSFVJBF75B5MHDK7AH54IO approve_milestone(GCSRZIIAU5MSO6FIHYV42EUCQFJDSV4CXU4PCTEGXYV25OL7WJ5LWKZE, 1u32)",2026-08-14 04:43:58 UTC
Tx hash: e0bebe6dd09ce633be1a7c80db1675bcd13b451e47a820df5493580d2f6c1a98,"GD7GFL4UHWBWSQ2EK5MGE376EWVJLDMG6733RJ2QETJO5HPRNVDSDCYM invoked contract CCLQR3746SFXSBZT7MX7D7C2BEJ5TFGC5VBSFVJBF75B5MHDK7AH54IO create_escrow(GD7GFL4UHWBWSQ2EK5MGE376EWVJLDMG6733RJ2QETJO5HPRNVDSDCYM, GCLNEDHKAGU7Q3AEANDNQUOV5SOG6BRJXODZSF2L6KGAN45243YS34K6, GCSRZIIAU5MSO6FIHYV42EUCQFJDSV4CXU4PCTEGXYV25OL7WJ5LWKZE, GCCQHJNBGHNBKSS6UDKEUHMW7JJLHZHHHU4YS2TTXTTKXYIH2ISWWRY2, CDLZFC3SYJYDZT7K67VZ75HPJVIEUVNIXF47ZG2FB2RMQQVU2HHGCYSC, 60000000000i128, 1787287389u64, [{""amount""sym: 60000000000i128, ""auto_released_amount""sym: 0i128, ""denial_reason""sym: """"str, ""description""sym: ""Initial Project Deliverable""str, ""id""sym: 1u32, ""is_completed""sym: falsebool, ""is_denied""sym: falsebool, ""is_submitted""sym: falsebool, ""submitted_at""sym: 0u64, ""votes""sym: []}])",2026-08-14 04:43:18 UTC
Tx hash: b603582b2c6ba8fd414e9707b0fbdb6409e42f3549e6beb85cf065d317561a11,"GCSRZIIAU5MSO6FIHYV42EUCQFJDSV4CXU4PCTEGXYV25OL7WJ5LWKZE invoked contract CCLQR3746SFXSBZT7MX7D7C2BEJ5TFGC5VBSFVJBF75B5MHDK7AH54IO approve_milestone(GCSRZIIAU5MSO6FIHYV42EUCQFJDSV4CXU4PCTEGXYV25OL7WJ5LWKZE, 2u32)",2026-08-13 12:51:08 UTC
Tx hash: 47385413a7ac5eeed0b2563a485688f5bf3d75ae87523deb6c08263c95c81b44,"GCLNEDHKAGU7Q3AEANDNQUOV5SOG6BRJXODZSF2L6KGAN45243YS34K6 invoked contract CCLQR3746SFXSBZT7MX7D7C2BEJ5TFGC5VBSFVJBF75B5MHDK7AH54IO approve_milestone(GCLNEDHKAGU7Q3AEANDNQUOV5SOG6BRJXODZSF2L6KGAN45243YS34K6, 2u32)",2026-08-13 12:50:33 UTC
Tx hash: 2dd2523e59c3f71625cd95b3bc34487ea7838fea68a00f7e9bb7b4e5dd37b785,"GCLNEDHKAGU7Q3AEANDNQUOV5SOG6BRJXODZSF2L6KGAN45243YS34K6 invoked contract CCLQR3746SFXSBZT7MX7D7C2BEJ5TFGC5VBSFVJBF75B5MHDK7AH54IO approve_milestone(GCLNEDHKAGU7Q3AEANDNQUOV5SOG6BRJXODZSF2L6KGAN45243YS34K6, 1u32)",2026-08-13 12:48:57 UTC
Tx hash: 910e33cd647a7c5e6687782f504ff27241c17735a25748603f42d303ae48a332,"GCSRZIIAU5MSO6FIHYV42EUCQFJDSV4CXU4PCTEGXYV25OL7WJ5LWKZE invoked contract CCLQR3746SFXSBZT7MX7D7C2BEJ5TFGC5VBSFVJBF75B5MHDK7AH54IO approve_milestone(GCSRZIIAU5MSO6FIHYV42EUCQFJDSV4CXU4PCTEGXYV25OL7WJ5LWKZE, 1u32)",2026-08-13 12:48:12 UTC
Tx hash: a97c095004ce2c8271069139119a69e73b058968d599bff0a558a95af14d3078,"GCLNEDHKAGU7Q3AEANDNQUOV5SOG6BRJXODZSF2L6KGAN45243YS34K6 invoked contract CCLQR3746SFXSBZT7MX7D7C2BEJ5TFGC5VBSFVJBF75B5MHDK7AH54IO create_escrow(GCLNEDHKAGU7Q3AEANDNQUOV5SOG6BRJXODZSF2L6KGAN45243YS34K6, GD7GFL4UHWBWSQ2EK5MGE376EWVJLDMG6733RJ2QETJO5HPRNVDSDCYM, GCSRZIIAU5MSO6FIHYV42EUCQFJDSV4CXU4PCTEGXYV25OL7WJ5LWKZE, GCCQHJNBGHNBKSS6UDKEUHMW7JJLHZHHHU4YS2TTXTTKXYIH2ISWWRY2, CDLZFC3SYJYDZT7K67VZ75HPJVIEUVNIXF47ZG2FB2RMQQVU2HHGCYSC, 60000000000i128, 1787229913u64, [{""amount""sym: 30000000000i128, ""auto_released_amount""sym: 0i128, ""denial_reason""sym: """"str, ""description""sym: ""Test01""str, ""id""sym: 1u32, ""is_completed""sym: falsebool, ""is_denied""sym: falsebool, ""is_submitted""sym: falsebool, ""submitted_at""sym: 0u64, ""votes""sym: []}, {""amount""sym: 30000000000i128, ""auto_released_amount""sym: 0i128, ""denial_reason""sym: """"str, ""description""sym: ""Test02""str, ""id""sym: 2u32, ""is_completed""sym: falsebool, ""is_denied""sym: falsebool, ""is_submitted""sym: falsebool, ""submitted_at""sym: 0u64, ""votes""sym: []}])",2026-08-13 12:45:27 UTC
Tx hash: fb4caa830f19244edfa884b2dfef1c0dbc87a72b996cc5589fa637bfd0f461a3,"GD7GFL4UHWBWSQ2EK5MGE376EWVJLDMG6733RJ2QETJO5HPRNVDSDCYM invoked contract CCLQR3746SFXSBZT7MX7D7C2BEJ5TFGC5VBSFVJBF75B5MHDK7AH54IO approve_milestone(GD7GFL4UHWBWSQ2EK5MGE376EWVJLDMG6733RJ2QETJO5HPRNVDSDCYM, 1u32)",2026-08-13 12:33:51 UTC
Tx hash: 0d08de1550517e3cdebb91b23a65244cf71d23525a6761134568e4d20bd96c4f,"GD7GFL4UHWBWSQ2EK5MGE376EWVJLDMG6733RJ2QETJO5HPRNVDSDCYM invoked contract CCLQR3746SFXSBZT7MX7D7C2BEJ5TFGC5VBSFVJBF75B5MHDK7AH54IO deny_milestone(GD7GFL4UHWBWSQ2EK5MGE376EWVJLDMG6733RJ2QETJO5HPRNVDSDCYM, 1u32, ""test""str)",2026-08-13 12:32:56 UTC
Tx hash: 07570d18d7e174b22d63f1d96a8c9477a3ea976dbf5ca8d0043c7190faae2897,GCLNEDHKAGU7Q3AEANDNQUOV5SOG6BRJXODZSF2L6KGAN45243YS34K6 invoked contract CCLQR3746SFXSBZT7MX7D7C2BEJ5TFGC5VBSFVJBF75B5MHDK7AH54IO submit_work(1u32),2026-08-13 12:30:56 UTC
Tx hash: 1e2efbc6f9023682e546d5d4453309e60e238b6a2bfe4401954779d1c415b073,"GD7GFL4UHWBWSQ2EK5MGE376EWVJLDMG6733RJ2QETJO5HPRNVDSDCYM invoked contract CCLQR3746SFXSBZT7MX7D7C2BEJ5TFGC5VBSFVJBF75B5MHDK7AH54IO create_escrow(GD7GFL4UHWBWSQ2EK5MGE376EWVJLDMG6733RJ2QETJO5HPRNVDSDCYM, GCLNEDHKAGU7Q3AEANDNQUOV5SOG6BRJXODZSF2L6KGAN45243YS34K6, (), (), CDLZFC3SYJYDZT7K67VZ75HPJVIEUVNIXF47ZG2FB2RMQQVU2HHGCYSC, 5000000000i128, 1787228650u64, [{""amount""sym: 5000000000i128, ""auto_released_amount""sym: 0i128, ""denial_reason""sym: """"str, ""description""sym: ""Initial Project Deliverable""str, ""id""sym: 1u32, ""is_completed""sym: falsebool, ""is_denied""sym: falsebool, ""is_submitted""sym: falsebool, ""submitted_at""sym: 0u64, ""votes""sym: []}])",2026-08-13 12:24:25 UTC
Tx hash: 4da598d5ed2110d097e1d18d286c5c09950fa21822f8f5d0fd3aa254601f8cd1,"GCCQHJNBGHNBKSS6UDKEUHMW7JJLHZHHHU4YS2TTXTTKXYIH2ISWWRY2 invoked contract CCLQR3746SFXSBZT7MX7D7C2BEJ5TFGC5VBSFVJBF75B5MHDK7AH54IO approve_milestone(GCCQHJNBGHNBKSS6UDKEUHMW7JJLHZHHHU4YS2TTXTTKXYIH2ISWWRY2, 2u32)",2026-08-13 12:02:53 UTC
Tx hash: 610fb87775df588a75daf22c3eaadf6e9f8abb19e383ff5d0ba8cc5753d3cc53,GCSRZIIAU5MSO6FIHYV42EUCQFJDSV4CXU4PCTEGXYV25OL7WJ5LWKZE invoked contract CCLQR3746SFXSBZT7MX7D7C2BEJ5TFGC5VBSFVJBF75B5MHDK7AH54IO submit_work(2u32),2026-08-13 12:00:58 UTC
Tx hash: d81687632de90af9554140644b16859c371bd0784399e4e1b4d95aaa1fd691f5,"GD7GFL4UHWBWSQ2EK5MGE376EWVJLDMG6733RJ2QETJO5HPRNVDSDCYM invoked contract CCLQR3746SFXSBZT7MX7D7C2BEJ5TFGC5VBSFVJBF75B5MHDK7AH54IO approve_milestone(GD7GFL4UHWBWSQ2EK5MGE376EWVJLDMG6733RJ2QETJO5HPRNVDSDCYM, 2u32)",2026-08-13 11:36:30 UTC
Tx hash: 95762085c092328413b7cc98fd15ff8cde12eb107f34d780281ae04b2be3c2d3,"GD7GFL4UHWBWSQ2EK5MGE376EWVJLDMG6733RJ2QETJO5HPRNVDSDCYM invoked contract CCLQR3746SFXSBZT7MX7D7C2BEJ5TFGC5VBSFVJBF75B5MHDK7AH54IO approve_milestone(GD7GFL4UHWBWSQ2EK5MGE376EWVJLDMG6733RJ2QETJO5HPRNVDSDCYM, 1u32)",2026-08-13 11:33:14 UTC
Tx hash: 0eef8e59340098b8b77344f06193dbaacd5cbe903d54a7eaeed2d3bade52b255,"GCCQHJNBGHNBKSS6UDKEUHMW7JJLHZHHHU4YS2TTXTTKXYIH2ISWWRY2 invoked contract CCLQR3746SFXSBZT7MX7D7C2BEJ5TFGC5VBSFVJBF75B5MHDK7AH54IO approve_milestone(GCCQHJNBGHNBKSS6UDKEUHMW7JJLHZHHHU4YS2TTXTTKXYIH2ISWWRY2, 1u32)",2026-08-13 11:32:04 UTC
Tx hash: e7073ea4c1584b54b8a6e7b71c946f2fb99f16245f64c4ad3f2f859d1710bf1a,"GCCQHJNBGHNBKSS6UDKEUHMW7JJLHZHHHU4YS2TTXTTKXYIH2ISWWRY2 invoked contract CCLQR3746SFXSBZT7MX7D7C2BEJ5TFGC5VBSFVJBF75B5MHDK7AH54IO create_escrow(GCCQHJNBGHNBKSS6UDKEUHMW7JJLHZHHHU4YS2TTXTTKXYIH2ISWWRY2, GCSRZIIAU5MSO6FIHYV42EUCQFJDSV4CXU4PCTEGXYV25OL7WJ5LWKZE, GCLNEDHKAGU7Q3AEANDNQUOV5SOG6BRJXODZSF2L6KGAN45243YS34K6, GD7GFL4UHWBWSQ2EK5MGE376EWVJLDMG6733RJ2QETJO5HPRNVDSDCYM, CDLZFC3SYJYDZT7K67VZ75HPJVIEUVNIXF47ZG2FB2RMQQVU2HHGCYSC, 60000000000i128, 1787225482u64, [{""amount""sym: 30000000000i128, ""auto_released_amount""sym: 0i128, ""denial_reason""sym: """"str, ""description""sym: ""Initial Project Deliverable""str, ""id""sym: 1u32, ""is_completed""sym: falsebool, ""is_denied""sym: falsebool, ""is_submitted""sym: falsebool, ""submitted_at""sym: 0u64, ""votes""sym: []}, {""amount""sym: 30000000000i128, ""auto_released_amount""sym: 0i128, ""denial_reason""sym: """"str, ""description""sym: ""test""str, ""id""sym: 2u32, ""is_completed""sym: falsebool, ""is_denied""sym: falsebool, ""is_submitted""sym: falsebool, ""submitted_at""sym: 0u64, ""votes""sym: []}])",2026-08-13 11:31:34 UTC
Tx hash: 32ce124ba1e51871ba2ded8ee6e5eb934102b89766503496bee747da48cfe287,"GD7GFL4UHWBWSQ2EK5MGE376EWVJLDMG6733RJ2QETJO5HPRNVDSDCYM invoked contract CCLQR3746SFXSBZT7MX7D7C2BEJ5TFGC5VBSFVJBF75B5MHDK7AH54IO approve_milestone(GD7GFL4UHWBWSQ2EK5MGE376EWVJLDMG6733RJ2QETJO5HPRNVDSDCYM, 1u32)",2026-08-13 11:15:38 UTC
Tx hash: d356ad39fde0c8f874046418550a6406076b43843801f90009b5f8450fb24541,"GD7GFL4UHWBWSQ2EK5MGE376EWVJLDMG6733RJ2QETJO5HPRNVDSDCYM invoked contract CCLQR3746SFXSBZT7MX7D7C2BEJ5TFGC5VBSFVJBF75B5MHDK7AH54IO create_escrow(GD7GFL4UHWBWSQ2EK5MGE376EWVJLDMG6733RJ2QETJO5HPRNVDSDCYM, GCLNEDHKAGU7Q3AEANDNQUOV5SOG6BRJXODZSF2L6KGAN45243YS34K6, GCLNEDHKAGU7Q3AEANDNQUOV5SOG6BRJXODZSF2L6KGAN45243YS34K6, GCSRZIIAU5MSO6FIHYV42EUCQFJDSV4CXU4PCTEGXYV25OL7WJ5LWKZE, CDLZFC3SYJYDZT7K67VZ75HPJVIEUVNIXF47ZG2FB2RMQQVU2HHGCYSC, 50010000000i128, 1787224492u64, [{""amount""sym: 25000000000i128, ""auto_released_amount""sym: 0i128, ""denial_reason""sym: """"str, ""description""sym: ""Initial Project Deliverable""str, ""id""sym: 1u32, ""is_completed""sym: falsebool, ""is_denied""sym: falsebool, ""is_submitted""sym: falsebool, ""submitted_at""sym: 0u64, ""votes""sym: []}, {""amount""sym: 25010000000i128, ""auto_released_amount""sym: 0i128, ""denial_reason""sym: """"str, ""description""sym: ""code""str, ""id""sym: 2u32, ""is_completed""sym: falsebool, ""is_denied""sym: falsebool, ""is_submitted""sym: falsebool, ""submitted_at""sym: 0u64, ""votes""sym: []}])",2026-08-13 11:15:03 UTC
Tx hash: 8ce412193d2935ae5aeb500de7231aec8b930c9ea98a362cdd08d9389542f977,GD7GFL4UHWBWSQ2EK5MGE376EWVJLDMG6733RJ2QETJO5HPRNVDSDCYM invoked contract CCLQR3746SFXSBZT7MX7D7C2BEJ5TFGC5VBSFVJBF75B5MHDK7AH54IO submit_work(1u32),2026-08-13 11:00:46 UTC
Tx hash: 1e33347fdb059befecc4557b00d0747c11e66c1cfdeb0dc1635724b3c58ba84b,"GCLNEDHKAGU7Q3AEANDNQUOV5SOG6BRJXODZSF2L6KGAN45243YS34K6 invoked contract CCLQR3746SFXSBZT7MX7D7C2BEJ5TFGC5VBSFVJBF75B5MHDK7AH54IO deny_milestone(GCLNEDHKAGU7Q3AEANDNQUOV5SOG6BRJXODZSF2L6KGAN45243YS34K6, 1u32, ""test""str)",2026-08-13 10:37:29 UTC
Tx hash: bdce33579c23e43da78cf612fa5cc7160d2422187a4e26647c15baaca1b35532,GD7GFL4UHWBWSQ2EK5MGE376EWVJLDMG6733RJ2QETJO5HPRNVDSDCYM invoked contract CCLQR3746SFXSBZT7MX7D7C2BEJ5TFGC5VBSFVJBF75B5MHDK7AH54IO submit_work(1u32),2026-08-13 10:27:08 UTC
Tx hash: 4915cdbf9b85a3909fbc4b333d5462e52a40db63c27361038b706f411f44dbd0,"GCLNEDHKAGU7Q3AEANDNQUOV5SOG6BRJXODZSF2L6KGAN45243YS34K6 invoked contract CCLQR3746SFXSBZT7MX7D7C2BEJ5TFGC5VBSFVJBF75B5MHDK7AH54IO create_escrow(GCLNEDHKAGU7Q3AEANDNQUOV5SOG6BRJXODZSF2L6KGAN45243YS34K6, GD7GFL4UHWBWSQ2EK5MGE376EWVJLDMG6733RJ2QETJO5HPRNVDSDCYM, (), (), CDLZFC3SYJYDZT7K67VZ75HPJVIEUVNIXF47ZG2FB2RMQQVU2HHGCYSC, 4990000000i128, 1787221172u64, [{""amount""sym: 4990000000i128, ""auto_released_amount""sym: 0i128, ""denial_reason""sym: """"str, ""description""sym: ""Initial Project Deliverable""str, ""id""sym: 1u32, ""is_completed""sym: falsebool, ""is_denied""sym: falsebool, ""is_submitted""sym: falsebool, ""submitted_at""sym: 0u64, ""votes""sym: []}])",2026-08-13 10:19:53 UTC
Tx hash: fd95afc5d45c6c1b9adb1400667e302af02253f168ad3ac479c426e100109605,"GD7GFL4UHWBWSQ2EK5MGE376EWVJLDMG6733RJ2QETJO5HPRNVDSDCYM invoked contract CCLQR3746SFXSBZT7MX7D7C2BEJ5TFGC5VBSFVJBF75B5MHDK7AH54IO approve_milestone(GD7GFL4UHWBWSQ2EK5MGE376EWVJLDMG6733RJ2QETJO5HPRNVDSDCYM, 1u32)",2026-08-13 09:25:03 UTC
Tx hash: a483247322fa77f80440d5c2e70cb4db16de26580985baa8feadfda46b85be26,GCLNEDHKAGU7Q3AEANDNQUOV5SOG6BRJXODZSF2L6KGAN45243YS34K6 invoked contract CCLQR3746SFXSBZT7MX7D7C2BEJ5TFGC5VBSFVJBF75B5MHDK7AH54IO submit_work(1u32),2026-08-13 09:24:03 UTC
Tx hash: 94e39a6b43c81d03d90115e7279aa2346f6d0c1df5bda3b6da0d076262774929,"GD7GFL4UHWBWSQ2EK5MGE376EWVJLDMG6733RJ2QETJO5HPRNVDSDCYM invoked contract CCLQR3746SFXSBZT7MX7D7C2BEJ5TFGC5VBSFVJBF75B5MHDK7AH54IO create_escrow(GD7GFL4UHWBWSQ2EK5MGE376EWVJLDMG6733RJ2QETJO5HPRNVDSDCYM, GCLNEDHKAGU7Q3AEANDNQUOV5SOG6BRJXODZSF2L6KGAN45243YS34K6, (), (), CDLZFC3SYJYDZT7K67VZ75HPJVIEUVNIXF47ZG2FB2RMQQVU2HHGCYSC, 5000000000i128, 1787217778u64, [{""amount""sym: 5000000000i128, ""auto_released_amount""sym: 0i128, ""denial_reason""sym: """"str, ""description""sym: ""Initial Project Deliverable""str, ""id""sym: 1u32, ""is_completed""sym: falsebool, ""is_denied""sym: falsebool, ""is_submitted""sym: falsebool, ""submitted_at""sym: 0u64, ""votes""sym: []}])",2026-08-13 09:23:07 UTC
Tx hash: 0c9f135f58e6f67a8911d13a49b683f093496d1fb6124420dda4910ea33ca4ad,"GD7GFL4UHWBWSQ2EK5MGE376EWVJLDMG6733RJ2QETJO5HPRNVDSDCYM invoked contract CCLQR3746SFXSBZT7MX7D7C2BEJ5TFGC5VBSFVJBF75B5MHDK7AH54IO approve_milestone(GD7GFL4UHWBWSQ2EK5MGE376EWVJLDMG6733RJ2QETJO5HPRNVDSDCYM, 1u32)",2026-08-13 09:10:21 UTC
Tx hash: bb06cb35f1376c163e015d4b1928f1da292e80873e75f5a3b2145356c3e18078,GCLNEDHKAGU7Q3AEANDNQUOV5SOG6BRJXODZSF2L6KGAN45243YS34K6 invoked contract CCLQR3746SFXSBZT7MX7D7C2BEJ5TFGC5VBSFVJBF75B5MHDK7AH54IO submit_work(1u32),2026-08-13 09:09:26 UTC
Tx hash: 139dd62cf567b04886e13fb6945a6aa3979c9ac35768db7628392a96fe50da18,"GD7GFL4UHWBWSQ2EK5MGE376EWVJLDMG6733RJ2QETJO5HPRNVDSDCYM invoked contract CCLQR3746SFXSBZT7MX7D7C2BEJ5TFGC5VBSFVJBF75B5MHDK7AH54IO deny_milestone(GD7GFL4UHWBWSQ2EK5MGE376EWVJLDMG6733RJ2QETJO5HPRNVDSDCYM, 1u32, ""test""str)",2026-08-13 09:08:41 UTC
Tx hash: 3d1dc02adc280c98fdf15e3853b7c0734ab9123b39efe1a7c99f3d1a605830ea,GCLNEDHKAGU7Q3AEANDNQUOV5SOG6BRJXODZSF2L6KGAN45243YS34K6 invoked contract CCLQR3746SFXSBZT7MX7D7C2BEJ5TFGC5VBSFVJBF75B5MHDK7AH54IO submit_work(1u32),2026-08-13 09:07:51 UTC
Tx hash: 1e4408facac564f929707a482acbc1222e07822fc3bf18137dcab3550f73d410,GD7GFL4UHWBWSQ2EK5MGE376EWVJLDMG6733RJ2QETJO5HPRNVDSDCYM invoked contract CCLQR3746SFXSBZT7MX7D7C2BEJ5TFGC5VBSFVJBF75B5MHDK7AH54IO submit_work(1u32),2026-08-13 09:07:11 UTC
Tx hash: a44efe48f6be797303b57efb597e853624e1c089b2d73b8e9ea20fe3cc40419f,"GD7GFL4UHWBWSQ2EK5MGE376EWVJLDMG6733RJ2QETJO5HPRNVDSDCYM invoked contract CCLQR3746SFXSBZT7MX7D7C2BEJ5TFGC5VBSFVJBF75B5MHDK7AH54IO create_escrow(GD7GFL4UHWBWSQ2EK5MGE376EWVJLDMG6733RJ2QETJO5HPRNVDSDCYM, GCLNEDHKAGU7Q3AEANDNQUOV5SOG6BRJXODZSF2L6KGAN45243YS34K6, (), (), CDLZFC3SYJYDZT7K67VZ75HPJVIEUVNIXF47ZG2FB2RMQQVU2HHGCYSC, 4990000000i128, 1787216788u64, [{""amount""sym: 4990000000i128, ""auto_released_amount""sym: 0i128, ""denial_reason""sym: """"str, ""description""sym: ""Initial Project Deliverable""str, ""id""sym: 1u32, ""is_completed""sym: falsebool, ""is_denied""sym: falsebool, ""is_submitted""sym: falsebool, ""submitted_at""sym: 0u64, ""votes""sym: []}])",2026-08-13 09:06:46 UTC
Tx hash: 403ceffd0df1b1a07dac5f0402103cbba66dfcee6f6885d8f38ae08f855b7d5d,"GCSRZIIAU5MSO6FIHYV42EUCQFJDSV4CXU4PCTEGXYV25OL7WJ5LWKZE invoked contract CCLQR3746SFXSBZT7MX7D7C2BEJ5TFGC5VBSFVJBF75B5MHDK7AH54IO approve_milestone(GCSRZIIAU5MSO6FIHYV42EUCQFJDSV4CXU4PCTEGXYV25OL7WJ5LWKZE, 1u32)",2026-08-13 09:04:06 UTC
Tx hash: 83307cff9193454a800e3d2c84040bfa410b21c6934e1a581daff6bf28ecf34b,GCCQHJNBGHNBKSS6UDKEUHMW7JJLHZHHHU4YS2TTXTTKXYIH2ISWWRY2 invoked contract CCLQR3746SFXSBZT7MX7D7C2BEJ5TFGC5VBSFVJBF75B5MHDK7AH54IO submit_work(1u32),2026-08-13 09:02:41 UTC
Tx hash: a17aa79ffa1cc353cc8b4f408452e1a7b4441ebe39f074c42eb64e6c324730af,"GCLNEDHKAGU7Q3AEANDNQUOV5SOG6BRJXODZSF2L6KGAN45243YS34K6 invoked contract CCLQR3746SFXSBZT7MX7D7C2BEJ5TFGC5VBSFVJBF75B5MHDK7AH54IO approve_milestone(GCLNEDHKAGU7Q3AEANDNQUOV5SOG6BRJXODZSF2L6KGAN45243YS34K6, 1u32)",2026-08-13 09:01:50 UTC
Tx hash: d432d2484abc86a5e38e75ff4420a4853d92d81b364332d76403b6ef9a8e38dc,"GCLNEDHKAGU7Q3AEANDNQUOV5SOG6BRJXODZSF2L6KGAN45243YS34K6 invoked contract CCLQR3746SFXSBZT7MX7D7C2BEJ5TFGC5VBSFVJBF75B5MHDK7AH54IO create_escrow(GCLNEDHKAGU7Q3AEANDNQUOV5SOG6BRJXODZSF2L6KGAN45243YS34K6, GCCQHJNBGHNBKSS6UDKEUHMW7JJLHZHHHU4YS2TTXTTKXYIH2ISWWRY2, GCSRZIIAU5MSO6FIHYV42EUCQFJDSV4CXU4PCTEGXYV25OL7WJ5LWKZE, GD7GFL4UHWBWSQ2EK5MGE376EWVJLDMG6733RJ2QETJO5HPRNVDSDCYM, CDLZFC3SYJYDZT7K67VZ75HPJVIEUVNIXF47ZG2FB2RMQQVU2HHGCYSC, 50010000000i128, 1787216469u64, [{""amount""sym: 50010000000i128, ""auto_released_amount""sym: 0i128, ""denial_reason""sym: """"str, ""description""sym: ""Initial Project Deliverable""str, ""id""sym: 1u32, ""is_completed""sym: falsebool, ""is_denied""sym: falsebool, ""is_submitted""sym: falsebool, ""submitted_at""sym: 0u64, ""votes""sym: []}])",2026-08-13 09:01:20 UTC
Tx hash: d9c7f1553f89023baa90615e41c015b2bb11bda1dc34bfb4ce23e72c11bf1420,"GCLNEDHKAGU7Q3AEANDNQUOV5SOG6BRJXODZSF2L6KGAN45243YS34K6 invoked contract CCLQR3746SFXSBZT7MX7D7C2BEJ5TFGC5VBSFVJBF75B5MHDK7AH54IO approve_milestone(GCLNEDHKAGU7Q3AEANDNQUOV5SOG6BRJXODZSF2L6KGAN45243YS34K6, 1u32)",2026-08-13 08:58:15 UTC
Tx hash: 924313bf1de987fd56cb8411cb01a436bc337ad3a6c3749d275ba6fb065b6fc5,"GCLNEDHKAGU7Q3AEANDNQUOV5SOG6BRJXODZSF2L6KGAN45243YS34K6 invoked contract CCLQR3746SFXSBZT7MX7D7C2BEJ5TFGC5VBSFVJBF75B5MHDK7AH54IO create_escrow(GCLNEDHKAGU7Q3AEANDNQUOV5SOG6BRJXODZSF2L6KGAN45243YS34K6, GCCQHJNBGHNBKSS6UDKEUHMW7JJLHZHHHU4YS2TTXTTKXYIH2ISWWRY2, (), (), CDLZFC3SYJYDZT7K67VZ75HPJVIEUVNIXF47ZG2FB2RMQQVU2HHGCYSC, 5000000000i128, 1787215921u64, [{""amount""sym: 5000000000i128, ""auto_released_amount""sym: 0i128, ""denial_reason""sym: """"str, ""description""sym: ""Initial Project Deliverable""str, ""id""sym: 1u32, ""is_completed""sym: falsebool, ""is_denied""sym: falsebool, ""is_submitted""sym: falsebool, ""submitted_at""sym: 0u64, ""votes""sym: []}])",2026-08-13 08:52:15 UTC
Tx hash: a72c16ceef3eab76d707afe389e55f5fe463563f722984153fcba587de63391b,"GCLNEDHKAGU7Q3AEANDNQUOV5SOG6BRJXODZSF2L6KGAN45243YS34K6 invoked contract CCLQR3746SFXSBZT7MX7D7C2BEJ5TFGC5VBSFVJBF75B5MHDK7AH54IO create_escrow(GCLNEDHKAGU7Q3AEANDNQUOV5SOG6BRJXODZSF2L6KGAN45243YS34K6, GD7GFL4UHWBWSQ2EK5MGE376EWVJLDMG6733RJ2QETJO5HPRNVDSDCYM, GCSRZIIAU5MSO6FIHYV42EUCQFJDSV4CXU4PCTEGXYV25OL7WJ5LWKZE, GCCQHJNBGHNBKSS6UDKEUHMW7JJLHZHHHU4YS2TTXTTKXYIH2ISWWRY2, CDLZFC3SYJYDZT7K67VZ75HPJVIEUVNIXF47ZG2FB2RMQQVU2HHGCYSC, 60000000000i128, 1787215795u64, [{""amount""sym: 60000000000i128, ""auto_released_amount""sym: 0i128, ""denial_reason""sym: """"str, ""description""sym: ""Initial Project Deliverable""str, ""id""sym: 1u32, ""is_completed""sym: falsebool, ""is_denied""sym: falsebool, ""is_submitted""sym: falsebool, ""submitted_at""sym: 0u64, ""votes""sym: []}])",2026-08-13 08:50:09 UTC
Tx hash: f63a5a45b874d5a073268a22e2d3452891ede89751f6c532baa831c11f068728,GD7GFL4UHWBWSQ2EK5MGE376EWVJLDMG6733RJ2QETJO5HPRNVDSDCYM invoked contract CCLQR3746SFXSBZT7MX7D7C2BEJ5TFGC5VBSFVJBF75B5MHDK7AH54IO submit_work(1u32),2026-08-13 08:34:13 UTC
Tx hash: 74e1009b5a69db00ec3a44fe58b0ff9f6bb177b756721340a535c3763bd96f2c,"GCLNEDHKAGU7Q3AEANDNQUOV5SOG6BRJXODZSF2L6KGAN45243YS34K6 invoked contract CCLQR3746SFXSBZT7MX7D7C2BEJ5TFGC5VBSFVJBF75B5MHDK7AH54IO create_escrow(GCLNEDHKAGU7Q3AEANDNQUOV5SOG6BRJXODZSF2L6KGAN45243YS34K6, GD7GFL4UHWBWSQ2EK5MGE376EWVJLDMG6733RJ2QETJO5HPRNVDSDCYM, (), (), CDLZFC3SYJYDZT7K67VZ75HPJVIEUVNIXF47ZG2FB2RMQQVU2HHGCYSC, 5000000000i128, 1787213396u64, [{""amount""sym: 5000000000i128, ""auto_released_amount""sym: 0i128, ""denial_reason""sym: """"str, ""description""sym: ""Initial Project Deliverable""str, ""id""sym: 1u32, ""is_completed""sym: falsebool, ""is_denied""sym: falsebool, ""is_submitted""sym: falsebool, ""submitted_at""sym: 0u64, ""votes""sym: []}])",2026-08-13 08:10:06 UTC
Tx hash: db138e7bad66f197cff701b61417cb53f515067fd7c4faedac6fe35d62f42d25,GA2KMV37X5ZJ6AYCKFWC2Q7R7FYZMVH2RQ565AVREDLQSARVIYHBSJSK created contract CCLQR3746SFXSBZT7MX7D7C2BEJ5TFGC5VBSFVJBF75B5MHDK7AH54IO from WASM code f7fa94b5…0c2f0fda,2026-08-13 08:06:55 UTC
